0,1,2,3,4,5,6,7
16,R 99 999,R 1 981 p/m,2012 Hyundai Atos Prime 1.1 GLS,Used Car130 000 kmManual,CITTON CARS GEZINA,"Gezina, Pretoria",km from you?
15,R 99 950,R 1 980 p/m,2012 Mazda Mazda3 Sedan 1.6 Dynamic,Used Car203 039 kmManual,AUTO VIEW PRE OWNED BOKSBURG,"Ravenswood, Boksburg",km from you?
11,R 99 950,R 1 980 p/m,2012 Hyundai i10 1.1 GLS,Used Car157 612 kmManual,SA MOTORCORP,"Bordeaux, Randburg",km from you?
4,R 99 950,R 1 980 p/m,2012 Volkswagen Polo Sedan 1.4 Trendline,Used Car162 000 kmManual,ABSOLUT AUTO,"Northcliff, Randburg",km from you?
16,R 99 950,R 1 980 p/m,2012 Hyundai i10 1.1 GLS,Used Car160 000 kmManual,PRISTINE MOTORS,"De Deur, Vereeniging",km from you?
14,R 99 950,R 1 980 p/m,2012 Nissan Micra 1.2 Acenta,Used Car218 000 kmManual,PRISTINE MOTORS,"De Deur, Vereeniging",km from you?
18,R 99 900,R 1 979 p/m,2012 Hyundai i10 1.1 GLS,Used Car117 800 kmManual,JEEP FIAT ALFA ROMEO MENLYN,"Newlands, Pretoria",km from you?
18,R 99 900,R 1 979 p/m,2013 Honda Brio Hatch 1.2 Trend,Used Car146 000 kmManual,LIONS OF JUDAH,"Montana Park, Pretoria",km from you?
15,R 99 900,R 1 979 p/m,2017 Tata Indica 1.4 LGi,Used Car47 362 kmManual,EASY AUTO FIN (PTY) LTD,"Vereeniging Central, Vereeniging",km from you?
19,R 99 900,R 1 979 p/m,2012 Smart Fortwo 1.0t Cabrio passion,Used Car116 400 kmAutomatic,AUTOCITY MAHINDRA HEIDELBERG,"Heidelberg Industrial, Heidelberg",km from you?
19,R 99 900,R 1 979 p/m,2014 Ford Ikon 1.6 Ambiente,Used Car126 000 kmManual,GLOBAL AUTOHAUS WESTRAND,"Horison View, Roodepoort",km from you?
11,R 99 900,R 1 979 p/m,2015 Renault Sandero 66kW Turbo Expression (Aircon),Used Car149 316 kmManual,KARAM MOTORS,"Fontainebleau, Randburg",km from you?
17,R 99 900,R 1 979 p/m,2012 Renault Sandero 1.6 Expression,Used Car133 921 kmManual,LISACARS,"Wilbart, Germiston",km from you?
17,R 99 900,R 1 979 p/m,2013 Suzuki Alto 1.0 GLX,Used Car85 182 kmManual,LISACARS,"Wilbart, Germiston",km from you?
17,R 99 900,R 1 979 p/m,2015 Peugeot 208 5-Door 1.0 Access,Used Car67 000 kmManual,EBK AUTO DEALERS BRAAMFONTEIN,"Vrededorp, Johannesburg",km from you?
11,R 99 900,R 1 979 p/m,2014 Chevrolet Spark 1.2 LS,Used Car121 000 kmManual,BMW SANDTON,"Sandton Central, Sandton",km from you?
12,R 99 900,R 1 979 p/m,2014 Honda Ballade 1.5 Elegance Auto,Used Car246 000 kmAutomatic,CARZUKA - EASTGATE SHOPPING CENTRE,"Bedfordview, Bedfordview",km from you?
9,R 99 900,R 1 979 p/m,2018 Datsun Go 1.2 Lux,Used Car45 257 kmManual,ANGELS MOTOR GROUP,"Randjespark, Midrand",km from you?
15,R 99 900,R 1 979 p/m,2012 Chevrolet Cruze Sedan 1.8 LS,Used Car132 000 kmManual,CARZUKA - SANDTON CITY,"Sandton Central, Sandton",km from you?
18,R 99 900,R 1 979 p/m,2012 Hyundai i30 1.6 Premium,Used Car208 000 kmManual,CARZUKA - SANDTON CITY,"Sandton Central, Sandton",km from you?
13,R 99 900,R 1 979 p/m,2012 Mazda Mazda2 Hatch 1.5 Dynamic,Used Car214 000 kmManual,CARZUKA - SANDTON CITY,"Sandton Central, Sandton",km from you?
14,R 99 900,R 1 979 p/m,2012 Renault Clio 1.6 Dynamique,Used Car134 000 kmManual,CARZUKA - SANDTON CITY,"Sandton Central, Sandton",km from you?
16,R 99 900,R 1 979 p/m,2012 Audi A4 1.8T Ambition,Used Car171 445 kmManual,CHICANE AUTO,"Windsor West, Randburg",km from you?
14,R 99 900,R 1 979 p/m,2015 Hyundai i10 1.1 GLS,Used Car162 000 kmManual,CARZUKA - EASTGATE SHOPPING CENTRE,"Bedfordview, Bedfordview",km from you?
14,R 99 900,R 1 979 p/m,2015 Toyota Corolla Quest 1.6 auto,Used Car128 000 kmAutomatic,CARZUKA - EASTGATE SHOPPING CENTRE,"Bedfordview, Bedfordview",km from you?
18,R 99 900,R 1 979 p/m,2017 Tata Bolt Hatch 1.2T XMS,Used Car88 000 kmManual,CARZUKA - EASTGATE SHOPPING CENTRE,"Bedfordview, Bedfordview",km from you?
17,R 99 900,R 1 979 p/m,2019 Datsun Go 1.2 Mid,Used Car85 000 kmManual,CARZUKA - EASTGATE SHOPPING CENTRE,"Bedfordview, Bedfordview",km from you?
13,R 99 900,R 1 979 p/m,2014 Kia Rio hatch 1.4 Tec,Used Car154 000 kmManual,CARZUKA - EASTGATE SHOPPING CENTRE,"Bedfordview, Bedfordview",km from you?
11,R 99 900,R 1 979 p/m,2016 GWM Steed 5 2.2MPi Workhorse,Used Car160 000 kmManual,CARZUKA - EASTGATE SHOPPING CENTRE,"Bedfordview, Bedfordview",km from you?
12,R 99 900,R 1 979 p/m,2016 Hyundai Accent Sedan 1.6 Motion,Used Car161 000 kmManual,CARZUKA - EASTGATE SHOPPING CENTRE,"Bedfordview, Bedfordview",km from you?
12,R 99 900,R 1 979 p/m,2014 Renault Clio 66kW Turbo Expression,Used Car124 000 kmManual,CARZUKA - EASTGATE SHOPPING CENTRE,"Bedfordview, Bedfordview",km from you?
13,R 99 900,R 1 979 p/m,2012 Kia Cerato Sedan 2.0 SX,Used Car165 000 kmManual,CARZUKA - EASTGATE SHOPPING CENTRE,"Bedfordview, Bedfordview",km from you?
16,R 99 900,R 1 979 p/m,2015 Ford Figo 1.4 Ambiente,Used Car130 085 kmManual,AURINIA MOTORS,"Silverton, Pretoria",km from you?
19,R 99 900,R 1 979 p/m,2014 Renault Sandero 66kW Turbo Dynamique,Used Car192 000 kmManual,KOOS AND MIKE USED CARS,"Vanderbijlpark CW 4, Vanderbijlpark",km from you?
16,R 99 900,R 1 979 p/m,2012 Fiat 500 1.4 Lounge,Used Car131 000 kmManual,KOOS AND MIKE USED CARS,"Vanderbijlpark CW 4, Vanderbijlpark",km from you?
19,R 99 900,R 1 979 p/m,2014 Ford Figo 1.4TDCi Ambiente,Used Car129 000 kmManual,KOOS AND MIKE USED CARS,"Vanderbijlpark CW 4, Vanderbijlpark",km from you?
17,R 99 900,R 1 979 p/m,2012 Mazda Mazda3 Sedan 1.6 Original,Used Car225 000 kmManual,AURINIA MOTORS,"Silverton, Pretoria",km from you?
10,R 99 900,R 1 979 p/m,2012 Volkswagen Polo Hatch 1.2TDI BlueMotion,Used Car208 949 kmManual,MMU MOTORS,"Windsor West, Randburg",km from you?
11,R 99 900,R 1 979 p/m,2017 Datsun Go 1.2 Lux,Used Car94 000 kmManual,F&J Car Sales,"Vereeniging Central, Vereeniging",km from you?
16,R 99 900,R 1 979 p/m,2016 Chevrolet Spark 1.2,Used Car107 000 kmManual,KOOS AND MIKE USED CARS,"Vanderbijlpark CW 4, Vanderbijlpark",km from you?
16,R 99 900,R 1 979 p/m,2016 Chevrolet Spark 1.2,Used Car107 000 kmManual,KOOS AND MIKE USED CARS,"Vanderbijlpark CW 4, Vanderbijlpark",km from you?
1,R 99 900,R 1 979 p/m,2017 Renault Kwid 1.0 Expression,Used Car99 033 kmManual,HEYHALFWAY FOURWAYS,"Magaliesview, Sandton",km from you?
17,R 99 800,R 1 977 p/m,2015 Peugeot 107 1.0 Urban,Used Car127 000 kmManual,CINZACO AUTO VAAL,"Duncanville, Vereeniging",km from you?
7,R 99 000,R 1 961 p/m,2016 Volkswagen Polo Vivo Sedan 1.4 Conceptline,Used Car153 443 kmManual,S4 AUTO BOKSBURG,"Beyers Park, Boksburg",km from you?
8,R 99 000,R 1 961 p/m,2012 Mercedes-Benz Vito 113 CDI Panel Van,Used Car192 600 kmManual,S4 AUTO BOKSBURG,"Beyers Park, Boksburg",km from you?
6,R 98 000,R 1 941 p/m,2018 Toyota Etios Sedan 1.5 Xs,Used Car156 505 kmManual,S4 AUTO BOKSBURG,"Beyers Park, Boksburg",km from you?
13,R 97 900,R 1 940 p/m,2016 Chevrolet Spark 1.2 LS,Used Car185 000 kmManual,CARZUKA - EASTGATE SHOPPING CENTRE,"Bedfordview, Bedfordview",km from you?
17,R 97 900,R 1 940 p/m,2012 Jeep Compass 2.0L Limited,Used Car145 000 kmManual,CARZUKA - EASTGATE SHOPPING CENTRE,"Bedfordview, Bedfordview",km from you?
16,R 97 900,R 1 940 p/m,2014 Nissan Almera 1.5 Acenta,Used Car161 000 kmManual,CARZUKA - EASTGATE SHOPPING CENTRE,"Bedfordview, Bedfordview",km from you?
13,R 97 900,R 1 940 p/m,2013 Dodge Journey 3.6 R/T,Used Car192 000 kmAutomatic,CARZUKA - EASTGATE SHOPPING CENTRE,"Bedfordview, Bedfordview",km from you?
7,R 95 000,R 1 882 p/m,2016 Volkswagen Polo Vivo Sedan 1.4 Conceptline,Used Car204 031 kmManual,S4 AUTO BOKSBURG,"Beyers Park, Boksburg",km from you?
9,R 95 000,R 1 882 p/m,2015 Volkswagen Polo Vivo Sedan 1.4 Conceptline,Used Car128 022 kmManual,S4 AUTO BOKSBURG,"Beyers Park, Boksburg",km from you?
9,R 95 000,R 1 882 p/m,2016 Volkswagen Polo Vivo Sedan 1.4 Conceptline,Used Car247 753 kmManual,S4 AUTO BOKSBURG,"Beyers Park, Boksburg",km from you?
18,R 94 900,R 1 880 p/m,2015 Ford Fiesta 5-Door 1.0T Trend Auto,Used Car75 000 kmAutomatic,CARZUKA - EASTGATE SHOPPING CENTRE,"Bedfordview, Bedfordview",km from you?
12,R 94 900,R 1 880 p/m,2013 Opel Astra Hatch 1.6 Essentia,Used Car165 000 kmManual,CARZUKA - EASTGATE SHOPPING CENTRE,"Bedfordview, Bedfordview",km from you?
16,R 94 900,R 1 880 p/m,2014 Opel Corsa 1.4 Essentia,Used Car171 000 kmManual,CARZUKA - SANDTON CITY,"Sandton Central, Sandton",km from you?
17,R 94 900,R 1 880 p/m,2015 Volkswagen up! take up! 3-Door 1.0,Used Car190 000 kmManual,CARZUKA - SANDTON CITY,"Sandton Central, Sandton",km from you?
14,R 94 900,R 1 880 p/m,2013 Nissan Livina 1.6 Visia,Used Car216 000 kmManual,CARZUKA - SANDTON CITY,"Sandton Central, Sandton",km from you?
14,R 94 900,R 1 880 p/m,2022 Daihatsu Terios 1.5,Used Car222 800 kmManual,AUTO VISION,"Annlin, Pretoria",km from you?
13,R 94 900,R 1 880 p/m,2013 Hyundai Accent 1.6 GLS Auto,Used Car222 000 kmAutomatic,CARZUKA - EASTGATE SHOPPING CENTRE,"Bedfordview, Bedfordview",km from you?
19,R 94 900,R 1 880 p/m,2013 Volkswagen Polo 1.4 Comfortline,Used Car112 000 kmManual,CARZUKA - EASTGATE SHOPPING CENTRE,"Bedfordview, Bedfordview",km from you?
7,R 94 000,R 1 862 p/m,2019 Nissan Almera 1.5 Acenta Auto,Used Car135 582 kmAutomatic,S4 AUTO BOKSBURG,"Beyers Park, Boksburg",km from you?
8,R 93 000,R 1 842 p/m,2019 Renault Kwid 1.0 Dynamique,Used Car58 819 kmManual,S4 AUTO BOKSBURG,"Beyers Park, Boksburg",km from you?
14,R 92 900,R 1 840 p/m,2016 Tata Super Ace 1.4TD DLE,Used Car100 000 kmManual,CARZUKA - EASTGATE SHOPPING CENTRE,"Bedfordview, Bedfordview",km from you?
14,R 92 900,R 1 840 p/m,2014 Suzuki Swift Hatch 1.2 GL,Used Car150 000 kmManual,CARZUKA - EASTGATE SHOPPING CENTRE,"Bedfordview, Bedfordview",km from you?
12,R 92 900,R 1 840 p/m,2013 GWM H5 2.4 4x4 Lux,Used Car174 000 kmManual,CARZUKA - EASTGATE SHOPPING CENTRE,"Bedfordview, Bedfordview",km from you?
8,R 92 000,R 1 823 p/m,2013 Toyota Etios Sedan 1.5 Xs,Used Car161 582 kmManual,S4 AUTO BOKSBURG,"Beyers Park, Boksburg",km from you?
16,R 91 900,R 1 821 p/m,2015 Renault Sandero Stepway 66kW Turbo,Used Car287 000 kmManual,CARZUKA - SANDTON CITY,"Sandton Central, Sandton",km from you?
18,R 91 900,R 1 821 p/m,2016 Suzuki Splash 1.2 GA,Used Car101 000 kmManual,CARZUKA - EASTGATE SHOPPING CENTRE,"Bedfordview, Bedfordview",km from you?
7,R 90 000,R 1 783 p/m,2015 Volkswagen Polo Vivo Sedan 1.4 Conceptline,Used Car188 536 kmManual,S4 AUTO BOKSBURG,"Beyers Park, Boksburg",km from you?
10,R 89 900,R 1 781 p/m,2015 Mitsubishi Mirage 1.2 GL,Used Car71 300 kmManual,HIGHLINE MOTORS,"Gleneagles, Johannesburg",km from you?
11,R 89 900,R 1 781 p/m,2012 Ford Bantam 1.3i,Used Car128 000 kmManual,ROSSO AUTO,"Corporate Park, Midrand",km from you?
15,R 89 900,R 1 781 p/m,2013 Fiat Punto 1.4 Base Easy,Used Car128 600 kmManual,AUTOCITY MAHINDRA HEIDELBERG,"Heidelberg Industrial, Heidelberg",km from you?
17,R 89 900,R 1 781 p/m,2015 Nissan Micra 1.2 Visia+ (audio),Used Car118 000 kmManual,EBK AUTO DEALERS LA ROCHELLE,"Vrededorp, Johannesburg",km from you?
17,R 89 900,R 1 781 p/m,2012 Hyundai i30 1.8 GLS,Used Car224 000 kmManual,EBK AUTO DEALERS LA ROCHELLE,"Vrededorp, Johannesburg",km from you?
17,R 89 900,R 1 781 p/m,2013 Hyundai i10 1.1 GLS,Used Car58 000 kmManual,EBK AUTO DEALERS LA ROCHELLE,"Vrededorp, Johannesburg",km from you?
17,R 89 900,R 1 781 p/m,2013 Volkswagen Polo Sedan 1.6TDI Comfortline,Used Car114 000 kmManual,EBK AUTO DEALERS LA ROCHELLE,"Vrededorp, Johannesburg",km from you?
17,R 89 900,R 1 781 p/m,2013 Mercedes-Benz C-Class C200 Classic,Used Car306 000 kmManual,EBK AUTO DEALERS LA ROCHELLE,"Vrededorp, Johannesburg",km from you?
17,R 89 900,R 1 781 p/m,2019 Renault Kwid 1.0 Expression,Used Car66 000 kmManual,EBK AUTO DEALERS LA ROCHELLE,"Vrededorp, Johannesburg",km from you?
10,R 89 900,R 1 781 p/m,2014 Ford Figo 1.4 Ambiente,Used Car135 298 kmManual,ANGELS MOTOR GROUP,"Randjespark, Midrand",km from you?
10,R 89 900,R 1 781 p/m,2015 Mitsubishi Mirage 1.2 GL,Used Car71 300 kmManual,HIGHLINE MOTORS,"Gleneagles, Johannesburg",km from you?
17,R 89 900,R 1 781 p/m,2019 Renault Kwid 1.0 Expression,Used Car66 000 kmManual,EBK AUTO DEALERS LA ROCHELLE,"Vrededorp, Johannesburg",km from you?
16,R 89 900,R 1 781 p/m,2013 Ford Fiesta 5-door 1.4 Ambiente,Used Car225 732 kmManual,CHICANE AUTO,"Windsor West, Randburg",km from you?
15,R 89 900,R 1 781 p/m,2015 Renault Sandero 66kW Turbo Dynamique,Used Car131 674 kmManual,CHICANE AUTO,"Windsor West, Randburg",km from you?
10,R 89 900,R 1 781 p/m,2014 Ford Figo 1.4 Ambiente,Used Car135 298 kmManual,ANGELS MOTOR GROUP,"Randjespark, Midrand",km from you?
19,R 89 900,R 1 781 p/m,2012 Ford Figo 1.4TDCi Ambiente,Used Car146 000 kmManual,KOOS AND MIKE USED CARS,"Vanderbijlpark CW 4, Vanderbijlpark",km from you?
17,R 89 900,R 1 781 p/m,2013 Volkswagen Polo 1.4 Comfortline,Used Car230 000 kmManual,EBK AUTO DEALERS LA ROCHELLE,"Vrededorp, Johannesburg",km from you?
15,R 89 900,R 1 781 p/m,2013 Volkswagen Polo Vivo 3-Door 1.6 GT,Used Car110 000 kmManual,EBK AUTO DEALERS BRAAMFONTEIN,"Vrededorp, Johannesburg",km from you?
7,R 89 000,R 1 763 p/m,2016 Volkswagen Polo Vivo Sedan 1.4 Conceptline,Used Car169 349 kmManual,S4 AUTO BOKSBURG,"Beyers Park, Boksburg",km from you?
16,R 87 900,R 1 741 p/m,2012 Suzuki SX4 2.0 L,Used Car283 000 kmManual,CARZUKA - SANDTON CITY,"Sandton Central, Sandton",km from you?
19,R 87 900,R 1 741 p/m,2012 Volkswagen Polo Vivo 5-Door 1.4,Used Car153 608 kmManual,Private Business Seller,"Dainfern, Sandton",km from you?
7,R 87 000,R 1 724 p/m,2014 Toyota Etios Sedan 1.5 Xi,Used Car189 927 kmManual,S4 AUTO BOKSBURG,"Beyers Park, Boksburg",km from you?
7,R 85 000,R 1 684 p/m,2015 Nissan Tiida Hatch 1.6 Acenta,Used Car189 413 kmManual,S4 AUTO BOKSBURG,"Beyers Park, Boksburg",km from you?
9,R 85 000,R 1 684 p/m,2015 Volkswagen Polo Vivo Sedan 1.4 Conceptline,Used Car205 521 kmManual,S4 AUTO BOKSBURG,"Beyers Park, Boksburg",km from you?
9,R 84 950,R 1 683 p/m,2012 Chevrolet Spark Lite 1.0 LS,Used Car127 249 kmManual,AUTO INVESTMENTS (PTY) LTD,"Vanderbijlpark CW 1, Vanderbijlpark",km from you?
12,R 84 900,R 1 682 p/m,2012 Volkswagen Polo Vivo 5-Door 1.4,Used Car191 000 kmManual,CARZUKA - EASTGATE SHOPPING CENTRE,"Bedfordview, Bedfordview",km from you?
18,R 84 900,R 1 682 p/m,2012 Chevrolet Sonic Hatch 1.6 LS,Used Car144 000 kmManual,CARZUKA - EASTGATE SHOPPING CENTRE,"Bedfordview, Bedfordview",km from you?
2,R 84 900,R 1 682 p/m,2012 Ford Figo 1.4 Ambiente,Used Car150 500 kmManual,HALFWAY TOYOTA FOURWAYS,"Fourways, Sandton",km from you?
13,R 81 900,R 1 623 p/m,2012 Mahindra XUV500 2.2CRDe W6,Used Car366 000 kmManual,CARZUKA - EASTGATE SHOPPING CENTRE,"Bedfordview, Bedfordview",km from you?
17,R 81 900,R 1 623 p/m,2014 Mitsubishi Mirage 1.2 GL,Used Car102 000 kmManual,CARZUKA - SANDTON CITY,"Sandton Central, Sandton",km from you?
7,R 80 000,R 1 585 p/m,2012 Renault Laguna Coupe V6,Used Car226 017 kmAutomatic,S4 AUTO BOKSBURG,"Beyers Park, Boksburg",km from you?
9,R 79 999,R 1 585 p/m,2012 Volkswagen Polo Vivo Sedan 1.4 Trendline,Used Car370 000 kmManual,ANDRE AND SON MOTORS CC,"Rhodesfield, Kempton Park",km from you?
16,R 79 900,R 1 583 p/m,2014 Ford Figo 1.4 Ambiente,Used Car157 000 kmManual,EBK AUTO DEALERS LA ROCHELLE,"Vrededorp, Johannesburg",km from you?
17,R 79 900,R 1 583 p/m,2012 Volkswagen Passat 2.0TDI Comfortline Auto,Used Car171 000 kmAutomatic,EBK AUTO DEALERS LA ROCHELLE,"Vrededorp, Johannesburg",km from you?
15,R 79 900,R 1 583 p/m,2012 Ford Everest 3.0TDCi XLT,Used Car386 000 kmManual,CARZUKA - EASTGATE SHOPPING CENTRE,"Bedfordview, Bedfordview",km from you?
16,R 79 900,R 1 583 p/m,2015 Datsun Go 1.2 Lux,Used Car114 500 kmManual,MAHINDRA VAAL,"Vanderbijlpark Central, Vanderbijlpark",km from you?
18,R 79 900,R 1 583 p/m,2013 Renault Clio 1.6 Avantage,Used Car96 000 kmManual,CARZUKA - SANDTON CITY,"Sandton Central, Sandton",km from you?
20,R 79 900,R 1 583 p/m,2014 Mazda Mazda2 Hatch 1.3 Active,Used Car243 000 kmManual,CARZUKA - SANDTON CITY,"Sandton Central, Sandton",km from you?
10,R 79 900,R 1 583 p/m,2012 Nissan Micra 1.2 Visia+,Used Car145 730 kmManual,VAAL HONDA,"Duncanville, Vereeniging",km from you?
16,R 77 900,R 1 543 p/m,2012 Chevrolet Sonic Hatch 1.6 LS,Used Car172 000 kmManual,CARZUKA - EASTGATE SHOPPING CENTRE,"Bedfordview, Bedfordview",km from you?
14,R 77 000,R 1 525 p/m,2012 Hyundai i10 1.25 GLS,Used Car181 000 kmManual,STAR NISSAN VANDERBIJLPARK,"Vanderbijlpark CE 6, Vanderbijlpark",km from you?
8,R 74 900,R 1 484 p/m,2012 Kia Proceed 2.0 L,Used Car148 000 kmManual,SMT MOTORS,"Linden, Randburg",km from you?
13,R 74 900,R 1 484 p/m,2014 Peugeot 107 1.0 Urban,Used Car177 500 kmManual,SIGNATURE MOTORS,"Bardene, Boksburg",km from you?
15,R 74 900,R 1 484 p/m,2014 Opel Corsa 1.4 Essentia,Used Car236 000 kmManual,CARZUKA - EASTGATE SHOPPING CENTRE,"Bedfordview, Bedfordview",km from you?
13,R 74 900,R 1 484 p/m,2016 Honda Ballade 1.5 Elegance,Used Car327 000 kmManual,CARZUKA - EASTGATE SHOPPING CENTRE,"Bedfordview, Bedfordview",km from you?
18,R 72 900,R 1 444 p/m,2014 Tata Indica 1.4 LE LTD,Used Car77 000 kmManual,CARZUKA - SANDTON CITY,"Sandton Central, Sandton",km from you?
18,R 70 900,R 1 405 p/m,2014 Chevrolet Aveo Sedan 1.6 LS Auto,Used Car148 000 kmAutomatic,CARZUKA - SANDTON CITY,"Sandton Central, Sandton",km from you?
17,R 69 900,R 1 385 p/m,2014 Chevrolet Sonic Sedan 1.6 LS,Used Car165 000 kmManual,EBK AUTO DEALERS LA ROCHELLE,"Vrededorp, Johannesburg",km from you?
17,R 69 900,R 1 385 p/m,2014 Hyundai ix35 2.0 Elite,Used Car208 000 kmAutomatic,EBK AUTO DEALERS LA ROCHELLE,"Vrededorp, Johannesburg",km from you?
17,R 69 900,R 1 385 p/m,2013 Renault Clio 66kW Turbo Expression,Used Car236 000 kmManual,EBK AUTO DEALERS LA ROCHELLE,"Vrededorp, Johannesburg",km from you?
18,R 69 900,R 1 385 p/m,2014 Renault Sandero 66kW Turbo Dynamique,Used Car182 399 kmManual,LISACARS,"Wilbart, Germiston",km from you?
17,R 69 900,R 1 385 p/m,2013 Opel Corsa 1.4 Essentia,Used Car141 000 kmManual,EBK AUTO DEALERS LA ROCHELLE,"Vrededorp, Johannesburg",km from you?
14,R 64 900,R 1 286 p/m,2015 Tata Indica 1.4 LE,Used Car41 000 kmManual,HIGHLINE MOTORS,"Gleneagles, Johannesburg",km from you?
17,R 59 900,R 1 187 p/m,2012 GWM H5 2.0VGT 4x4 Lux,Used Car189 000 kmManual,EBK AUTO DEALERS LA ROCHELLE,"Vrededorp, Johannesburg",km from you?
17,R 59 900,R 1 187 p/m,2014 Audi A4 1.8T 88kW S,Used Car130 000 kmManual,EBK AUTO DEALERS LA ROCHELLE,"Vrededorp, Johannesburg",km from you?
10,R 59 900,R 1 187 p/m,2012 Renault Sandero 1.6 Expression,Used Car151 121 kmManual,MMU MOTORS,"Windsor West, Randburg",km from you?
16,R 59 900,R 1 187 p/m,2016 Toyota Corolla Quest 1.6 auto,Used Car83 000 kmAutomatic,EBK AUTO DEALERS LA ROCHELLE,"Vrededorp, Johannesburg",km from you?
17,R 59 900,R 1 187 p/m,2012 Chery Tiggo 1.6 TX,Used Car210 000 kmManual,EBK AUTO DEALERS LA ROCHELLE,"Vrededorp, Johannesburg",km from you?
13,R 100 000,R 1 981 p/m,2014 Suzuki Swift 1.4 SE Auto,Used Car75 000 kmAutomatic,TJ AUTO,"Bramley, Johannesburg",km from you?
11,R 100 000,R 1 981 p/m,2016 Ford Fiesta 1.4 5-door Ambiente,Used Car67 000 kmManual,TJ AUTO,"Bramley, Johannesburg",km from you?
12,R 100 000,R 1 981 p/m,2014 Toyota Corolla Quest 1.6,Used Car90 000 kmManual,ST CARS DEALERSHIP,"Kensington, Johannesburg",km from you?
14,R 100 000,R 1 981 p/m,2015 Toyota Corolla Quest 1.6,Used Car87 000 kmManual,CONFIDENT MOTORS,"Maboneng, Johannesburg",km from you?
12,R 100 000,R 1 981 p/m,2012 Hyundai i20 1.4 GL,Used Car110 000 kmManual,DWAYNE MOTORS,"Highlands North, Johannesburg",km from you?
13,R 100 000,R 1 981 p/m,2015 Volkswagen Polo Vivo HATCH 1.4 CONCEPTLINE,Used Car65 000 kmManual,MILLION MOTORS,"Nimrod Park, Kempton Park",km from you?
12,R 100 000,R 1 981 p/m,2016 Nissan NP200 1.6i (aircon),Used Car143 000 kmManual,MILLION MOTORS,"Nimrod Park, Kempton Park",km from you?
14,R 100 000,R 1 981 p/m,2014 Renault Scenic 1.6 Authentique,Used Car164 700 kmManual,ALRODE CITY MOTORS,"Alrode, Alberton",km from you?
20,R 100 000,R 1 981 p/m,2015 Mahindra Quanto 2.2CRDe,Used Car117 600 kmManual,KEITZMAN AUTO EXCHANGE,"Kensington B, Randburg",km from you?
13,R 100 000,R 1 981 p/m,2017 Volkswagen up! Take up! 5-Door 1.0,Used Car135 000 kmManual,DWAYNE MOTORS,"Highlands North, Johannesburg",km from you?
14,R 100 000,R 1 981 p/m,2015 Chevrolet Utility 1.4,Used Car103 000 kmManual,STEPHENS AUTO MOTORS,"Kempton Park Central, Kempton Park",km from you?
13,R 100 000,R 1 981 p/m,2013 Hyundai i20 1.4 Fluid,Used Car82 000 kmManual,STEPHENS AUTO MOTORS,"Kempton Park Central, Kempton Park",km from you?
17,R 100 000,R 1 981 p/m,2013 Volkswagen Polo Vivo 5-Door 1.4 Trendline,Used Car116 000 kmManual,STEPHENS AUTO MOTORS,"Kempton Park Central, Kempton Park",km from you?
15,R 100 000,R 1 981 p/m,2017 Renault Clio 66kW Turbo Dynamique,Used Car89 000 kmManual,STEPHENS AUTO MOTORS,"Kempton Park Central, Kempton Park",km from you?
15,R 100 000,R 1 981 p/m,2019 Renault Kwid 1.0 Climber,Used Car30 000 kmManual,STEPHENS AUTO MOTORS,"Kempton Park Central, Kempton Park",km from you?
18,R 100 000,R 1 981 p/m,2017 Renault Sandero 66kW Turbo Dynamique,Used Car75 000 kmManual,STEPHENS AUTO MOTORS,"Kempton Park Central, Kempton Park",km from you?
14,R 100 000,R 1 981 p/m,2017 Renault Clio 66kW Turbo Authentique,Used Car89 000 kmManual,JAY JAY MOTORS,"Rhodesfield, Kempton Park",km from you?
18,R 100 000,R 1 981 p/m,2018 Ford Figo Sedan 1.5 Ambiente,Used Car80 000 kmManual,JAY JAY MOTORS,"Rhodesfield, Kempton Park",km from you?
16,R 100 000,R 1 981 p/m,2012 Volkswagen Polo Vivo 5-Door 1.4 Trendline,Used Car91 000 kmManual,JAY JAY MOTORS,"Rhodesfield, Kempton Park",km from you?
15,R 100 000,R 1 981 p/m,2019 Toyota Etios Hatch 1.5 Xi,Used Car95 000 kmManual,JAY JAY MOTORS,"Rhodesfield, Kempton Park",km from you?
11,R 100 000,R 1 981 p/m,2013 Volkswagen Polo Hatch 1.2TDI BlueMotion,Used Car92 000 kmManual,J MAN CARS,"Maboneng, Johannesburg",km from you?
10,R 100 000,R 1 981 p/m,2015 Volkswagen Polo Vivo HATCH 1.4 CONCEPTLINE,Used Car85 000 kmManual,J MAN CARS,"Maboneng, Johannesburg",km from you?
19,R 99 999,R 1 981 p/m,2016 Ford Fiesta 5-Door 1.5TDCi Ambiente,Used Car111 000 kmManual,DMCC CARS,"Orange Grove, Johannesburg",km from you?
13,R 99 999,R 1 981 p/m,2012 Hyundai i20 1.4 GL,Used Car110 000 kmManual,DND CARS,"Bramley, Johannesburg",km from you?
12,R 99 999,R 1 981 p/m,2012 Nissan NP200 1.6 16v S,Used Car92 000 kmManual,H M AUTOS,"Selby, Johannesburg",km from you?
11,R 99 999,R 1 981 p/m,2012 Volkswagen Polo 1.4 Trendline,Used Car98 000 kmManual,H M AUTOS,"Selby, Johannesburg",km from you?
9,R 99 999,R 1 981 p/m,2012 Volkswagen Polo Sedan 1.4 Comfortline,Used Car82 000 kmManual,H M AUTOS,"Selby, Johannesburg",km from you?
8,R 99 999,R 1 981 p/m,2015 Toyota Etios Sedan 1.5 Xs,Used Car87 000 kmManual,GI MOTORS,"Pretoria Central, Pretoria",km from you?
9,R 99 999,R 1 981 p/m,2014 Citroen DS5 THP 200 Style,Used Car121 000 kmManual,GI MOTORS,"Pretoria Central, Pretoria",km from you?
13,R 99 999,R 1 981 p/m,2016 Toyota Corolla Quest 1.6,Used Car43 000 kmManual,SMART CARS JHB,"Bezuidenhout Valley, Johannesburg",km from you?
12,R 99 999,R 1 981 p/m,2018 Toyota Etios Sedan 1.5 Xs,Used Car67 000 kmManual,SMART CARS JHB,"Bezuidenhout Valley, Johannesburg",km from you?
13,R 99 999,R 1 981 p/m,2014 Volkswagen Polo Vivo HATCH 1.4 CONCEPTLINE,Used Car93 000 kmManual,SMART CARS JHB,"Bezuidenhout Valley, Johannesburg",km from you?
12,R 99 999,R 1 981 p/m,2016 Hyundai Accent Sedan 1.6 Motion,Used Car74 000 kmManual,SMART CARS JHB,"Bezuidenhout Valley, Johannesburg",km from you?
13,R 99 999,R 1 981 p/m,2017 Volkswagen Polo Vivo Hatch 1.4 Xpress Panel Van,Used Car45 000 kmManual,SMART CARS JHB,"Bezuidenhout Valley, Johannesburg",km from you?
13,R 99 999,R 1 981 p/m,2017 Kia Rio Sedan 1.2,Used Car68 000 kmManual,SMART CARS JHB,"Bezuidenhout Valley, Johannesburg",km from you?
13,R 99 999,R 1 981 p/m,2013 Audi A1 Sportback 1.2TFSI Attraction,Used Car107 000 kmManual,SMART CARS JHB,"Bezuidenhout Valley, Johannesburg",km from you?
12,R 99 999,R 1 981 p/m,2017 Volkswagen Polo Vivo Sedan 1.4 Trendline Auto,Used Car56 000 kmAutomatic,SMART CARS JHB,"Bezuidenhout Valley, Johannesburg",km from you?
13,R 99 999,R 1 981 p/m,2017 Ford Fiesta 5-door 1.4 Ambiente,Used Car114 000 kmManual,SMART CARS JHB,"Bezuidenhout Valley, Johannesburg",km from you?
13,R 99 999,R 1 981 p/m,2016 Volkswagen Polo Hatch 1.2TSI Comfortline,Used Car67 000 kmManual,SMART CARS JHB,"Bezuidenhout Valley, Johannesburg",km from you?
6,R 99 999,R 1 981 p/m,2016 Hyundai Accent Sedan 1.6 Motion,Used Car68 000 kmManual,SMART CARS JHB,"Bezuidenhout Valley, Johannesburg",km from you?
19,R 99 999,R 1 981 p/m,2012 Honda Jazz 1.3 Trend,Used Car116 000 kmManual,SG CARS (PTY) LTD,"Highlands North, Johannesburg",km from you?
14,R 99 999,R 1 981 p/m,2015 Renault Sandero 1.4 Ambiance,Used Car111 000 kmManual,SG CARS (PTY) LTD,"Highlands North, Johannesburg",km from you?
14,R 99 999,R 1 981 p/m,2015 Chevrolet Cruze Hatch 1.4T LS,Used Car84 000 kmManual,SG CARS (PTY) LTD,"Highlands North, Johannesburg",km from you?
16,R 99 999,R 1 981 p/m,2016 Ford Fiesta 5-door 1.4 Ambiente,Used Car78 000 kmManual,SG CARS (PTY) LTD,"Highlands North, Johannesburg",km from you?
20,R 99 999,R 1 981 p/m,2013 Ford Fiesta 5-Door 1.4 Trend,Used Car154 000 kmManual,SG CARS (PTY) LTD,"Highlands North, Johannesburg",km from you?
16,R 99 999,R 1 981 p/m,2014 Ford Fiesta 5-door 1.4 Ambiente,Used Car95 000 kmManual,SG CARS (PTY) LTD,"Highlands North, Johannesburg",km from you?
14,R 99 999,R 1 981 p/m,2016 Volkswagen Polo Vivo HATCH 1.4 CONCEPTLINE,Used Car93 000 kmManual,SG CARS (PTY) LTD,"Highlands North, Johannesburg",km from you?
10,R 99 999,R 1 981 p/m,2012 Renault Koleos 2.5 Dynamique,Used Car229 780 kmManual,TRIPLE V MOTORS CC,"Sinoville, Pretoria",km from you?
15,R 99 999,R 1 981 p/m,2015 Kia Picanto 1.2 EX,Used Car79 000 kmManual,JODES MOTORS,"Allen Grove, Kempton Park",km from you?
16,R 99 999,R 1 981 p/m,2013 Toyota Yaris 5-Door 1.3 XS,Used Car105 000 kmManual,E MOTORS,"Bramley, Johannesburg",km from you?
13,R 99 999,R 1 981 p/m,2012 Hyundai i20 1.4 GL,Used Car93 000 kmManual,E MOTORS,"Bramley, Johannesburg",km from you?
16,R 99 999,R 1 981 p/m,2013 Toyota Etios Hatch 1.5 Xs,Used Car87 000 kmManual,E MOTORS,"Bramley, Johannesburg",km from you?
13,R 99 999,R 1 981 p/m,2016 Volkswagen Polo Hatch 1.2TSI Comfortline,Used Car67 000 kmManual,SMART CARS JHB,"Bezuidenhout Valley, Johannesburg",km from you?
6,R 99 999,R 1 981 p/m,2016 Hyundai Accent Sedan 1.6 Motion,Used Car68 000 kmManual,SMART CARS JHB,"Bezuidenhout Valley, Johannesburg",km from you?
15,R 99 999,R 1 981 p/m,2015 Kia Picanto 1.2 EX,Used Car79 000 kmManual,JODES MOTORS,"Allen Grove, Kempton Park",km from you?
15,R 99 999,R 1 981 p/m,2015 Volkswagen Polo Vivo HATCH 1.4 CONCEPTLINE,Used Car76 000 kmManual,SG CARS (PTY) LTD,"Highlands North, Johannesburg",km from you?
19,R 99 999,R 1 981 p/m,2014 Audi A1 3-Door 1.6TDI SE R18 Le Mans Limited Edition,Used Car125 200 kmManual,GF MOTORS,"Bramley, Johannesburg",km from you?
11,R 99 999,R 1 981 p/m,2013 Toyota Etios Hatch 1.5 Xs,Used Car87 000 kmManual,SG CARS (PTY) LTD,"Highlands North, Johannesburg",km from you?
13,R 99 995,R 1 981 p/m,2018 Renault Kwid 1.0 Climber,Used Car170 000 kmManual,PRESTIGE AUTO TRADERS,"Alberton North, Alberton",km from you?
19,R 99 995,R 1 981 p/m,2012 Nissan NP200 1.6 16v S,Used Car109 000 kmManual,DE REV AUTOS,"Kew Industrial, Johannesburg",km from you?
20,R 99 995,R 1 981 p/m,2014 Toyota Yaris 5-Door 1.3 XS,Used Car102 000 kmManual,DE REV AUTOS,"Kew Industrial, Johannesburg",km from you?
19,R 99 995,R 1 981 p/m,2015 Chevrolet Utility 1.4 (Aircon+ABS),Used Car129 000 kmManual,DE REV AUTOS,"Kew Industrial, Johannesburg",km from you?
20,R 99 995,R 1 981 p/m,2014 Toyota Etios Hatch 1.5 Xs,Used Car84 000 kmManual,DE REV AUTOS,"Kew Industrial, Johannesburg",km from you?
20,R 99 995,R 1 981 p/m,2015 Ford Fiesta 5-door 1.4 Ambiente,Used Car88 000 kmManual,DE REV AUTOS,"Kew Industrial, Johannesburg",km from you?
19,R 99 995,R 1 981 p/m,2015 Nissan NP200 1.6i,Used Car112 000 kmManual,DE REV AUTOS,"Kew Industrial, Johannesburg",km from you?
5,R 99 995,R 1 981 p/m,2013 Chevrolet Utility 1.8,Used Car205 620 kmManual,RND CARS,"Edendale, Edenvale",km from you?
17,R 99 995,R 1 981 p/m,2015 Ford Fiesta 5-door 1.4 Ambiente,Used Car94 000 kmManual,DE RM MOTORS,"Kew, Johannesburg",km from you?
10,R 99 950,R 1 980 p/m,2014 Hyundai i10 1.1 GLS,Used Car179 600 kmManual,ANGLO CAR DEALERS,"Benoni Industrial, Benoni",km from you?
15,R 99 950,R 1 980 p/m,2012 Nissan Micra 1.2 Visia+,Used Car157 200 kmManual,LETS DEAL CARS,"Vereeniging Central, Vereeniging",km from you?
13,R 99 950,R 1 980 p/m,2014 Ford Figo 1.4 Ambiente,Used Car152 000 kmManual,CARS TO GO,"Pretoria North, Pretoria",km from you?
18,R 99 950,R 1 980 p/m,2013 Honda Brio Hatch 1.2 Trend,Used Car157 500 kmManual,SQUAD CARS,"Pretoria Central, Pretoria",km from you?
19,R 99 950,R 1 980 p/m,2012 Nissan Tiida Sedan 1.6 Visia,Used Car377 500 kmManual,SQUAD CARS,"Pretoria Central, Pretoria",km from you?
9,R 99 950,R 1 980 p/m,2013 SsangYong Korando 2.0 High,Used Car189 000 kmManual,LENASIA VW,"Lenasia Ext 1, Johannesburg",km from you?
14,R 99 950,R 1 980 p/m,2014 Ford Figo 1.4 Ambiente,Used Car142 948 kmManual,EAE MOTORS,"Vereeniging Central, Vereeniging",km from you?
8,R 99 950,R 1 980 p/m,2012 Audi A3 3-Door 1.4T Attraction Auto,Used Car239 000 kmAutomatic,INFINITI AUTO BOKSBURG,"Bardene, Boksburg",km from you?
15,R 99 950,R 1 980 p/m,2012 Nissan Micra 1.2 Visia+,Used Car157 200 kmManual,LETS DEAL CARS,"Vereeniging Central, Vereeniging",km from you?
10,R 99 950,R 1 980 p/m,2014 Hyundai i10 1.1 GLS,Used Car179 600 kmManual,ANGLO CAR DEALERS,"Benoni Industrial, Benoni",km from you?
13,R 99 950,R 1 980 p/m,2014 Ford Figo 1.4 Ambiente,Used Car152 000 kmManual,CARS TO GO,"Pretoria North, Pretoria",km from you?
16,R 99 950,R 1 980 p/m,2015 Opel Corsa 1.4 Essentia,Used Car173 180 kmManual,VEE MOTORS,"Edenvale Central, Edenvale",km from you?
11,R 99 950,R 1 980 p/m,2014 Hyundai i10 1.1 GLS,Used Car103 000 kmManual,GET MORE CAR,"Hoogland, Randburg",km from you?
13,R 99 950,R 1 980 p/m,2012 Hyundai i20 1.4 Fluid,Used Car135 000 kmManual,GET MORE CAR,"Hoogland, Randburg",km from you?
20,R 99 950,R 1 980 p/m,2012 Chevrolet Aveo Sedan 1.6 L,Used Car141 579 kmManual,SOLLYS CAR SALES,"Nigel Central, Nigel",km from you?
11,R 99 900,R 1 979 p/m,2016 Ford Focus Hatch 1.0T Trend,Used Car146 000 kmManual,MOTORCADE CC,"Pretoria Central, Pretoria",km from you?
10,R 99 900,R 1 979 p/m,2015 Ford Fiesta 5-door 1.4 Ambiente,Used Car109 000 kmManual,MOTORCADE CC,"Pretoria Central, Pretoria",km from you?
10,R 99 900,R 1 979 p/m,2013 Jeep Compass 2.0L Limited Altitude Auto,Used Car193 000 kmAutomatic,MOTORCADE CC,"Pretoria Central, Pretoria",km from you?
10,R 99 900,R 1 979 p/m,2013 MINI Hatch One,Used Car161 733 kmManual,CMH EAST RAND,"Beyers Park, Boksburg",km from you?
13,R 99 900,R 1 979 p/m,2012 Jeep Compass 2.0L Limited,Used Car169 405 kmManual,CMH EAST RAND,"Beyers Park, Boksburg",km from you?
12,R 99 900,R 1 979 p/m,2014 Hyundai i20 1.2 Motion,Used Car151 000 kmManual,CALLABEE AUTOMOTIVE,"Little Falls, Roodepoort",km from you?
11,R 99 900,R 1 979 p/m,2013 Ford Fiesta 5-Door 1.0T Trend,Used Car206 522 kmManual,CMH EAST RAND,"Beyers Park, Boksburg",km from you?
9,R 99 900,R 1 979 p/m,2012 Hyundai i20 1.4 GL,Used Car177 000 kmManual,PHILLIP MOTORS,"Vereeniging Central, Vereeniging",km from you?
19,R 99 900,R 1 979 p/m,2012 Kia Cerato Hatch 1.6 EX,Used Car156 000 kmManual,DEALFIN (PTY) LTD,"Hennops Park Industrial, Centurion",km from you?
10,R 99 900,R 1 979 p/m,2016 Renault Kwid 1.0 Dynamique,Used Car84 500 kmManual,KONDAKOV CARS CC,"Ravenswood, Boksburg",km from you?
11,R 99 900,R 1 979 p/m,2015 Volkswagen Polo Vivo Hatch 1.4 Trendline,Used Car72 000 kmManual,OZ MOTORS,"City & Suburban, Johannesburg",km from you?
11,R 99 900,R 1 979 p/m,2018 Kia Picanto 1.2 Start,Used Car63 000 kmManual,OZ MOTORS,"City & Suburban, Johannesburg",km from you?
11,R 99 900,R 1 979 p/m,2016 Ford Focus Hatch 1.0T Trend,Used Car146 000 kmManual,MOTORCADE CC,"Pretoria Central, Pretoria",km from you?
10,R 99 900,R 1 979 p/m,2015 Ford Fiesta 5-door 1.4 Ambiente,Used Car109 000 kmManual,MOTORCADE CC,"Pretoria Central, Pretoria",km from you?
10,R 99 900,R 1 979 p/m,2013 Jeep Compass 2.0L Limited Altitude Auto,Used Car193 000 kmAutomatic,MOTORCADE CC,"Pretoria Central, Pretoria",km from you?
10,R 99 900,R 1 979 p/m,2013 MINI Hatch One,Used Car161 733 kmManual,CMH EAST RAND,"Beyers Park, Boksburg",km from you?
13,R 99 900,R 1 979 p/m,2012 Jeep Compass 2.0L Limited,Used Car169 405 kmManual,CMH EAST RAND,"Beyers Park, Boksburg",km from you?
11,R 99 900,R 1 979 p/m,2012 Volvo C30 2.0 Essential,Used Car223 910 kmManual,SUNWARD MOTORS SILVERTON,"Silverton, Pretoria",km from you?
11,R 99 900,R 1 979 p/m,2012 Citroen C3 e-HDi 90 Seduction,Used Car159 000 kmManual,REVENTON AUTO (PTY) LTD,"Craigavon, Sandton",km from you?
5,R 99 900,R 1 979 p/m,2012 Audi A1 3-Door 1.4TFSI Ambition,Used Car236 000 kmManual,REVENTON AUTO (PTY) LTD,"Craigavon, Sandton",km from you?
7,R 99 900,R 1 979 p/m,2013 Fiat 500 1.2 Lounge,Used Car102 188 kmManual,PARK MOTORS VEREENIGING,"Vereeniging Central, Vereeniging",km from you?
0,R 99 900,R 1 979 p/m,2012 Audi A4 1.8T S Auto,Used Car92 500 kmAutomatic,RIGHT CARS,"North Riding, Randburg",km from you?
12,R 99 900,R 1 979 p/m,2013 Volkswagen Polo 1.4 Comfortline,Used Car129 300 kmManual,RIGHT CARS,"North Riding, Randburg",km from you?
10,R 99 900,R 1 979 p/m,2014 Chevrolet Utility 1.4,Used Car104 200 kmManual,RIGHT CARS,"North Riding, Randburg",km from you?
20,R 99 900,R 1 979 p/m,2017 Renault Kwid 1.0 Dynamique,Used Car146 116 kmManual,SOLLYS CAR SALES,"Nigel Central, Nigel",km from you?
12,R 99 900,R 1 979 p/m,2014 Hyundai i20 1.2 Motion,Used Car151 000 kmManual,CALLABEE AUTOMOTIVE,"Little Falls, Roodepoort",km from you?
11,R 99 900,R 1 979 p/m,2015 Ford Figo 1.4 Ambiente,Used Car85 500 kmManual,MOBILIS AUTO LAB,"Pomona, Kempton Park",km from you?
9,R 99 900,R 1 979 p/m,2013 Toyota Etios Hatch 1.5 Xs,Used Car106 736 kmManual,BOPHELO MOTORS,"Danville, Pretoria",km from you?
9,R 99 900,R 1 979 p/m,2012 Hyundai i20 1.4 GL,Used Car177 000 kmManual,PHILLIP MOTORS,"Vereeniging Central, Vereeniging",km from you?
19,R 99 900,R 1 979 p/m,2012 Kia Cerato Hatch 1.6 EX,Used Car156 000 kmManual,DEALFIN (PTY) LTD,"Hennops Park Industrial, Centurion",km from you?
9,R 99 900,R 1 979 p/m,2012 Hyundai i20 1.4 GL,Used Car177 000 kmManual,PHILLIP MOTORS,"Vereeniging Central, Vereeniging",km from you?
19,R 99 900,R 1 979 p/m,2012 Kia Cerato Hatch 1.6 EX,Used Car156 000 kmManual,DEALFIN (PTY) LTD,"Hennops Park Industrial, Centurion",km from you?
20,R 99 900,R 1 979 p/m,2017 Renault Kwid 1.0 Dynamique,Used Car146 116 kmManual,SOLLYS CAR SALES,"Nigel Central, Nigel",km from you?
10,R 99 900,R 1 979 p/m,2016 Renault Kwid 1.0 Dynamique,Used Car84 500 kmManual,KONDAKOV CARS CC,"Ravenswood, Boksburg",km from you?
19,R 99 900,R 1 979 p/m,2016 Nissan Almera 1.5 Acenta,Used Car115 000 kmManual,RANDPARK AUTO,"Randpark Ridge, Randburg",km from you?
5,R 99 900,R 1 979 p/m,2012 Volkswagen Jetta 1.4TSI Comfortline,Used Car199 000 kmManual,RIGHT CARS,"North Riding, Randburg",km from you?
10,R 99 900,R 1 979 p/m,2012 Dodge Journey 3.6 SXT,Used Car194 500 kmAutomatic,RIFLE RANGE CAR SALES,"Rosettenville, Johannesburg",km from you?
12,R 99 900,R 1 979 p/m,2012 Chevrolet Aveo Hatch 1.6 LS Auto,Used Car120 844 kmAutomatic,RIFLE RANGE CAR SALES,"Rosettenville, Johannesburg",km from you?
10,R 99 900,R 1 979 p/m,2013 Fiat 500 1.2 Pop,Used Car129 000 kmManual,RIFLE RANGE CAR SALES,"Rosettenville, Johannesburg",km from you?
12,R 99 900,R 1 979 p/m,2013 Hyundai i10 1.1 GLS,Used Car185 700 kmManual,RIFLE RANGE CAR SALES,"Rosettenville, Johannesburg",km from you?
11,R 99 900,R 1 979 p/m,2012 Alfa Romeo MiTo 1.4TBi Quadrifoglio Verde,Used Car162 000 kmManual,RIFLE RANGE CAR SALES,"Rosettenville, Johannesburg",km from you?
10,R 99 900,R 1 979 p/m,2015 Ford Ikon 1.6 Ambiente,Used Car98 196 kmManual,PAUL MAHER FORD USED,"Blackheath, Randburg",km from you?
12,R 99 900,R 1 979 p/m,2014 Volkswagen Polo Vivo 5-Door 1.6 Trendline,Used Car253 300 kmManual,GREEN DOT CARS,"Ferndale, Randburg",km from you?
7,R 99 900,R 1 979 p/m,2016 Toyota Etios Hatch 1.5 Xs,Used Car91 000 kmManual,MONTE CARLO AUTO,"Hurlingham Manor, Sandton",km from you?
10,R 99 900,R 1 979 p/m,2012 Volkswagen Polo Vivo Sedan 1.4,Used Car157 200 kmManual,RIFLE RANGE CAR SALES,"Rosettenville, Johannesburg",km from you?
16,R 99 899,R 1 979 p/m,2014 Hyundai i10 1.1 Motion,Used Car159 764 kmManual,CARNIVAL TOYOTA,"Dalpark, Brakpan",km from you?
14,R 99 899,R 1 979 p/m,2016 Chevrolet Spark 1.2 Campus,Used Car98 343 kmManual,MOTUS NISSAN AND RENAULT MENLYN,"Menlyn, Pretoria",km from you?
9,R 99 895,R 1 979 p/m,2012 Honda Jazz 1.3 Comfort,Used Car201 000 kmManual,AUTO BASIC TRADERS,"Mayville, Pretoria",km from you?
8,R 99 895,R 1 979 p/m,2015 Ford Figo 1.4 Ambiente,Used Car117 000 kmManual,AUTO BASIC TRADERS,"Mayville, Pretoria",km from you?
15,R 99 890,R 1 979 p/m,2012 Kia Picanto 1.0 LX,Used Car142 450 kmManual,LINDSAY SAKER EDENVALE,"Edenvale Central, Edenvale",km from you?
15,R 99 850,R 1 978 p/m,2020 Datsun Go 1.2 Mid,Used Car23 000 kmManual,DMCC CARS,"Orange Grove, Johannesburg",km from you?
13,R 99 800,R 1 977 p/m,2013 Dodge Journey 3.6 SXT,Used Car198 000 kmAutomatic,NOOR AUTO SANDTON,"Morningside, Sandton",km from you?
11,R 99 700,R 1 975 p/m,2012 Mercedes-Benz A-Class A180 Avantgarde Auto,Used Car145 395 kmAutomatic,TTT WHEELS,"Ridgeway, Johannesburg",km from you?
10,R 99 700,R 1 975 p/m,2012 Toyota Corolla 1.6 Advanced Auto,Used Car153 184 kmAutomatic,Southgate Wheels,"Florida North, Roodepoort",km from you?
10,R 99 700,R 1 975 p/m,2015 Suzuki Swift Hatch 1.2 GA,Used Car129 433 kmManual,Southgate Wheels,"Florida North, Roodepoort",km from you?
9,R 99 700,R 1 975 p/m,2016 Toyota Aygo 1.0,Used Car156 567 kmManual,Southgate Wheels,"Florida North, Roodepoort",km from you?
10,R 99 700,R 1 975 p/m,2018 Nissan Micra Active 1.2 Visia,Used Car125 926 kmManual,Southgate Wheels,"Florida North, Roodepoort",km from you?
10,R 99 700,R 1 975 p/m,2012 Jeep Patriot 2.4L Limited Auto,Used Car171 201 kmAutomatic,Southgate Wheels,"Florida North, Roodepoort",km from you?
10,R 99 700,R 1 975 p/m,2016 Renault Duster 1.6 Dynamique,Used Car136 000 kmManual,Southgate Wheels,"Florida North, Roodepoort",km from you?
10,R 99 700,R 1 975 p/m,2016 Toyota Aygo 1.0 X-Play,Used Car126 100 kmManual,Southgate Wheels,"Florida North, Roodepoort",km from you?
4,R 99 700,R 1 975 p/m,2018 Honda Ballade 1.5 Trend,Used Car157 623 kmManual,Southgate Wheels,"Florida North, Roodepoort",km from you?
10,R 99 700,R 1 975 p/m,2016 Renault Clio 66kW Turbo Blaze,Used Car152 726 kmManual,Southgate Wheels,"Florida North, Roodepoort",km from you?
10,R 99 700,R 1 975 p/m,2019 Renault Kwid 1.0 Dynamique,Used Car69 838 kmManual,Southgate Wheels,"Florida North, Roodepoort",km from you?
7,R 99 700,R 1 975 p/m,2014 Volkswagen Polo Vivo 5-Door 1.4,Used Car80 700 kmManual,Southgate Wheels,"Florida North, Roodepoort",km from you?
17,R 99 500,R 1 971 p/m,2013 Hyundai i10 1.25 GLS,Used Car148 400 kmManual,INSPECTACAR LIFESTYLE MOTORS,"Hennops Park Industrial, Centurion",km from you?
15,R 99 500,R 1 971 p/m,2012 Fiat 500 1.2 Pop,Used Car135 000 kmManual,INSPECTACAR LIFESTYLE MOTORS,"Hennops Park Industrial, Centurion",km from you?
12,R 99 500,R 1 971 p/m,2015 Volkswagen Polo Vivo 5-Door 1.4 Trendline Auto,Used Car87 000 kmAutomatic,J MAN CARS,"Maboneng, Johannesburg",km from you?
11,R 99 500,R 1 971 p/m,2014 Hyundai Accent Hatch 1.6 Fluid,Used Car71 000 kmManual,J MAN CARS,"Maboneng, Johannesburg",km from you?
7,R 99 000,R 1 961 p/m,2017 Nissan Almera 1.5 Acenta Auto,Used Car164 900 kmAutomatic,Private Individual Seller,"Witpoortjie, Roodepoort",km from you?
11,R 99 000,R 1 961 p/m,2013 Nissan Juke 1.6 Acenta+,Used Car195 000 kmManual,REVOLUTION AUTO,"Ferndale, Randburg",km from you?
17,R 99 000,R 1 961 p/m,2017 Chevrolet Spark 1.2,Used Car80 000 kmManual,ST CARS DEALERSHIP,"Kensington, Johannesburg",km from you?
11,R 99 000,R 1 961 p/m,2013 Nissan Juke 1.6 Acenta+,Used Car195 000 kmManual,REVOLUTION AUTO,"Ferndale, Randburg",km from you?
15,R 99 000,R 1 961 p/m,2012 Ford Fiesta 5-door 1.4 Ambiente,Used Car72 000 kmManual,SG CARS (PTY) LTD,"Highlands North, Johannesburg",km from you?
11,R 99 000,R 1 961 p/m,2015 Hyundai Accent Hatch 1.6 Fluid,Used Car71 000 kmManual,CONFIDENT MOTORS,"Maboneng, Johannesburg",km from you?
11,R 99 000,R 1 961 p/m,2014 Volkswagen Polo 1.4 Trendline,Used Car68 000 kmManual,CONFIDENT MOTORS,"Maboneng, Johannesburg",km from you?
7,R 99 000,R 1 961 p/m,2017 Nissan Almera 1.5 Acenta Auto,Used Car164 900 kmAutomatic,Private Individual Seller,"Witpoortjie, Roodepoort",km from you?
9,R 99 000,R 1 961 p/m,2012 Hyundai Sonata 2.4 Executive,Used Car110 000 kmAutomatic,GI MOTORS,"Pretoria Central, Pretoria",km from you?
19,R 99 000,R 1 961 p/m,2017 Hyundai i10 1.25 Fluid,Used Car37 000 kmManual,NOLLY MOTORS,"Glen Marais, Kempton Park",km from you?
15,R 99 000,R 1 961 p/m,2017 Toyota Etios Hatch 1.5 Xs,Used Car98 000 kmManual,NOLLY MOTORS,"Glen Marais, Kempton Park",km from you?
11,R 99 000,R 1 961 p/m,2014 Kia Rio Hatch 1.4 Tec Auto,Used Car71 000 kmAutomatic,J MAN CARS,"Maboneng, Johannesburg",km from you?
9,R 99 000,R 1 961 p/m,2016 Volkswagen Polo Vivo 5-Door 1.4 Trendline,Used Car78 000 kmManual,J MAN CARS,"Maboneng, Johannesburg",km from you?
10,R 99 000,R 1 961 p/m,2014 Renault Sandero Stepway 66kW Turbo,Used Car142 000 kmManual,WEELEE,"Witfontein, Kempton Park",km from you?
19,R 99 000,R 1 961 p/m,2016 Ford Figo Hatch 1.5 Ambiente,Used Car69 000 kmManual,CITY RIDE MY CARS,"Driehoek, Germiston",km from you?
14,R 98 999,R 1 961 p/m,2019 Datsun Go 1.2 Mid,Used Car55 000 kmManual,DMCC CARS,"Orange Grove, Johannesburg",km from you?
19,R 98 950,R 1 960 p/m,2013 Toyota Yaris 5-Door 1.3 XS,Used Car105 000 kmManual,DMCC CARS,"Orange Grove, Johannesburg",km from you?
13,R 98 500,R 1 951 p/m,2012 Toyota Yaris 3-Door 1.0 XS,Used Car194 000 kmManual,Private Individual Seller,"Ruimsig, Roodepoort",km from you?
8,R 98 500,R 1 951 p/m,2015 Nissan NP200 1.6i,Used Car166 695 kmManual,CASH UP AUCTION,"Corporate Park, Midrand",km from you?
12,R 98 000,R 1 941 p/m,2013 Ford Fiesta 5-Door 1.6 Titanium,Used Car85 000 kmManual,TONY MOTORS,"Rhodesfield, Kempton Park",km from you?
10,R 98 000,R 1 941 p/m,2015 Chevrolet Utility 1.4,Used Car85 000 kmManual,TONY MOTORS,"Rhodesfield, Kempton Park",km from you?
17,R 98 000,R 1 941 p/m,2012 Nissan Tiida Sedan 1.6 Visia+ Auto,Used Car141 000 kmAutomatic,WE BUY BAKKIES,"Samrand Business Park, Centurion",km from you?
9,R 98 000,R 1 941 p/m,2017 Ford Fiesta Sedan 1.4 Ambiente,Used Car107 000 kmManual,EF AUTO,"Highlands North, Johannesburg",km from you?
15,R 98 000,R 1 941 p/m,2017 Ford Figo Hatch 1.5 Trend,Used Car93 000 kmManual,NOLLY MOTORS,"Glen Marais, Kempton Park",km from you?
14,R 98 000,R 1 941 p/m,2013 Volkswagen Polo Vivo 5-Door 1.4 Trendline,Used Car115 000 kmManual,NOLLY MOTORS,"Glen Marais, Kempton Park",km from you?
10,R 98 000,R 1 941 p/m,2013 Chevrolet Utility 1.4,Used Car88 000 kmManual,J MAN CARS,"Maboneng, Johannesburg",km from you?
13,R 98 000,R 1 941 p/m,2012 Volkswagen Polo 1.4 Comfortline,Used Car89 000 kmManual,J MAN CARS,"Maboneng, Johannesburg",km from you?
15,R 98 000,R 1 941 p/m,2017 Ford Fiesta 1.4 5-door Ambiente,Used Car107 000 kmManual,NTP CARS,"Bramley, Johannesburg",km from you?
10,R 97 999,R 1 941 p/m,2016 Volkswagen Polo Vivo Hatch 1.4 Xpress Panel Van,Used Car230 000 kmManual,BOKSBURG CAR SALES,"Eveleigh, Boksburg",km from you?
18,R 97 995,R 1 941 p/m,2012 Nissan NP200 1.6 16v S,Used Car113 000 kmManual,DE RM MOTORS,"Kew, Johannesburg",km from you?
12,R 97 900,R 1 940 p/m,2012 BMW 1 Series 116i 5-Door,Used Car175 600 kmManual,RIGHT CARS,"North Riding, Randburg",km from you?
13,R 97 900,R 1 940 p/m,2016 Datsun Go 1.2 Mid,Used Car108 600 kmManual,RIGHT CARS,"North Riding, Randburg",km from you?
11,R 97 000,R 1 922 p/m,2015 Chevrolet Aveo Sedan 1.6 LS,Used Car83 000 kmManual,NICK AUTO,"Glen Marais, Kempton Park",km from you?
10,R 97 000,R 1 922 p/m,2017 Ford Fiesta 5-door 1.4 Ambiente,Used Car83 000 kmManual,ZAN AUTO,"Savoy Estate, Johannesburg",km from you?
10,R 97 000,R 1 922 p/m,2012 Volkswagen Polo Vivo Sedan 1.6 Trendline,Used Car96 000 kmManual,EAGLE CARS,"Bezuidenhout Valley, Johannesburg",km from you?
11,R 97 000,R 1 922 p/m,2016 Chevrolet Spark 1.2,Used Car85 000 kmManual,EAGLE CARS,"Bezuidenhout Valley, Johannesburg",km from you?
11,R 97 000,R 1 922 p/m,2016 Volkswagen Polo Vivo Hatch 1.4 Xpress Panel Van,Used Car109 000 kmManual,NICK AUTO,"Glen Marais, Kempton Park",km from you?
17,R 97 000,R 1 922 p/m,2014 Nissan NP200 1.5dCi Safety Pack,Used Car105 000 kmManual,NTP CARS,"Bramley, Johannesburg",km from you?
12,R 96 777,R 1 917 p/m,2013 Ford Fiesta 5-Door 1.4 Trend,Used Car154 000 kmManual,ZAN AUTO,"Savoy Estate, Johannesburg",km from you?
11,R 96 000,R 1 902 p/m,2014 Ford Fiesta 1.4 5-Door,Used Car95 000 kmManual,TJ AUTO,"Bramley, Johannesburg",km from you?
14,R 96 000,R 1 902 p/m,2015 Nissan Almera 1.5 Acenta,Used Car88 000 kmManual,WIZ LINK,"Kempton Park Central, Kempton Park",km from you?
19,R 95 999,R 1 902 p/m,2014 Ford Fiesta 5-Door 1.4 Trend,Used Car91 000 kmManual,GF MOTORS,"Bramley, Johannesburg",km from you?
13,R 95 000,R 1 882 p/m,2017 Volkswagen Polo Vivo Hatch 1.4 Street,Used Car71 000 kmManual,CONFIDENT MOTORS,"Maboneng, Johannesburg",km from you?
13,R 95 000,R 1 882 p/m,2015 Kia Picanto 1.2 EX,Used Car81 000 kmManual,CONFIDENT MOTORS,"Maboneng, Johannesburg",km from you?
9,R 95 000,R 1 882 p/m,2014 Hyundai i20 1.2 Motion,Used Car96 000 kmManual,CONFIDENT MOTORS,"Maboneng, Johannesburg",km from you?
12,R 95 000,R 1 882 p/m,2016 Kia Picanto 1.0 LS,Used Car83 000 kmManual,DMCC CARS,"Orange Grove, Johannesburg",km from you?
15,R 95 000,R 1 882 p/m,2014 Renault Duster 1.6 Dynamique,Used Car181 000 kmManual,MILLION MOTORS,"Nimrod Park, Kempton Park",km from you?
7,R 95 000,R 1 882 p/m,2020 Renault Kwid 1.0 Dynamique,Used Car83 000 kmManual,MILLION MOTORS,"Nimrod Park, Kempton Park",km from you?
17,R 95 000,R 1 882 p/m,2014 Ford Fiesta 5-door 1.4 Ambiente,Used Car80 000 kmManual,SG CARS (PTY) LTD,"Highlands North, Johannesburg",km from you?
10,R 95 000,R 1 882 p/m,2017 Datsun Go 1.2 Lux,Used Car73 000 kmManual,EAGLE CARS,"Bezuidenhout Valley, Johannesburg",km from you?
9,R 95 000,R 1 882 p/m,2013 Toyota Etios Sedan 1.5 Xs,Used Car67 000 kmManual,GI MOTORS,"Pretoria Central, Pretoria",km from you?
7,R 95 000,R 1 882 p/m,2013 Chevrolet Cruze Sedan 1.6 LS,Used Car45 000 kmManual,Private Individual Seller,"Highveld, Centurion",km from you?
14,R 95 000,R 1 882 p/m,2018 Datsun Go 1.2 Lux,Used Car118 000 kmManual,ALRODE CITY MOTORS,"Alrode, Alberton",km from you?
13,R 95 000,R 1 882 p/m,2014 Nissan NP200 1.6i (aircon),Used Car83 000 kmManual,STEPHENS AUTO MOTORS,"Kempton Park Central, Kempton Park",km from you?
16,R 95 000,R 1 882 p/m,2014 Chevrolet Sonic Hatch 1.6 LS Black&White Edition,Used Car85 000 kmManual,STEPHENS AUTO MOTORS,"Kempton Park Central, Kempton Park",km from you?
13,R 95 000,R 1 882 p/m,2013 Hyundai i10 1.2 GLS,Used Car80 000 kmManual,STEPHENS AUTO MOTORS,"Kempton Park Central, Kempton Park",km from you?
16,R 95 000,R 1 882 p/m,2017 Nissan Almera 1.5 Acenta,Used Car92 000 kmManual,STEPHENS AUTO MOTORS,"Kempton Park Central, Kempton Park",km from you?
10,R 95 000,R 1 882 p/m,2015 Honda Ballade 1.5 Elegance,Used Car80 000 kmManual,GI MOTORS,"Pretoria Central, Pretoria",km from you?
11,R 95 000,R 1 882 p/m,2012 Volkswagen Polo 1.4 Comfortline,Used Car76 000 kmManual,J MAN CARS,"Maboneng, Johannesburg",km from you?
14,R 95 000,R 1 882 p/m,2012 Audi A3 Sportback 1.4T Attraction,Used Car110 000 kmManual,J MAN CARS,"Maboneng, Johannesburg",km from you?
13,R 95 000,R 1 882 p/m,2017 Datsun Go 1.2 Lux,Used Car85 000 kmManual,JAY JAY MOTORS,"Rhodesfield, Kempton Park",km from you?
11,R 95 000,R 1 882 p/m,2014 Volkswagen Polo Vivo HATCH 1.4 CONCEPTLINE,Used Car76 000 kmManual,EAGLE CARS,"Bezuidenhout Valley, Johannesburg",km from you?
11,R 95 000,R 1 882 p/m,2012 Volkswagen Polo 1.4 Comfortline,Used Car76 000 kmManual,J MAN CARS,"Maboneng, Johannesburg",km from you?
10,R 95 000,R 1 882 p/m,2016 Chevrolet Utility 1.4 (Aircon),Used Car109 323 kmManual,NTP CARS,"Bramley, Johannesburg",km from you?
8,R 95 000,R 1 882 p/m,2017 Ford Fiesta 1.4 5-Door,Used Car85 060 kmManual,NTP CARS,"Bramley, Johannesburg",km from you?
15,R 95 000,R 1 882 p/m,2016 Volkswagen Polo Vivo HATCH 1.4 CONCEPTLINE,Used Car91 000 kmManual,NTP CARS,"Bramley, Johannesburg",km from you?
13,R 95 000,R 1 882 p/m,2021 Renault Kwid 1.0 Dynamique,Used Car25 000 kmManual,NTP CARS,"Bramley, Johannesburg",km from you?
20,R 95 000,R 1 882 p/m,2017 Volkswagen up! Take up! 5-Door 1.0,Used Car135 000 kmManual,CITY RIDE MY CARS,"Driehoek, Germiston",km from you?
12,R 95 000,R 1 882 p/m,2016 Chevrolet Spark 1.2 LS,Used Car115 000 kmManual,WEELEE,"Witfontein, Kempton Park",km from you?
14,R 94 999,R 1 882 p/m,2015 Nissan NP200 1.6i,Used Car120 000 kmManual,E MOTORS,"Bramley, Johannesburg",km from you?
14,R 94 999,R 1 882 p/m,2014 Chevrolet Utility 1.4,Used Car136 000 kmManual,E MOTORS,"Bramley, Johannesburg",km from you?
16,R 94 999,R 1 882 p/m,2014 Honda Ballade 1.5 Elegance,Used Car100 000 kmManual,E MOTORS,"Bramley, Johannesburg",km from you?
10,R 94 999,R 1 882 p/m,2017 Renault Sandero 66kW Turbo Expression,Used Car86 000 kmManual,H M AUTOS,"Selby, Johannesburg",km from you?
13,R 94 999,R 1 882 p/m,2017 Nissan Almera 1.5 Acenta,Used Car89 000 kmManual,SMART CARS JHB,"Bezuidenhout Valley, Johannesburg",km from you?
13,R 94 999,R 1 882 p/m,2012 Hyundai i20 1.6 GLS,Used Car81 000 kmManual,SMART CARS JHB,"Bezuidenhout Valley, Johannesburg",km from you?
13,R 94 999,R 1 882 p/m,2016 Volkswagen Polo Vivo Hatch 1.4 Blueline,Used Car75 000 kmManual,SMART CARS JHB,"Bezuidenhout Valley, Johannesburg",km from you?
13,R 94 999,R 1 882 p/m,2013 Hyundai Elantra 1.6 Premium,Used Car83 000 kmManual,SMART CARS JHB,"Bezuidenhout Valley, Johannesburg",km from you?
13,R 94 999,R 1 882 p/m,2020 Datsun Go 1.2 Lux,Used Car62 000 kmManual,SMART CARS JHB,"Bezuidenhout Valley, Johannesburg",km from you?
11,R 94 999,R 1 882 p/m,2016 Mitsubishi Triton 2.4 GLX,Used Car51 000 kmManual,SMART CARS JHB,"Bezuidenhout Valley, Johannesburg",km from you?
19,R 94 999,R 1 882 p/m,2012 Nissan Juke 1.6 Acenta,Used Car83 000 kmManual,SG CARS (PTY) LTD,"Highlands North, Johannesburg",km from you?
12,R 94 999,R 1 882 p/m,2016 Chevrolet Utility 1.4 (Aircon),Used Car109 000 kmManual,SG CARS (PTY) LTD,"Highlands North, Johannesburg",km from you?
14,R 94 999,R 1 882 p/m,2019 Renault Kwid 1.0 Expression,Used Car83 000 kmManual,SG CARS (PTY) LTD,"Highlands North, Johannesburg",km from you?
12,R 94 999,R 1 882 p/m,2021 Renault Kwid 1.0 Dynamique,Used Car25 000 kmManual,SG CARS (PTY) LTD,"Highlands North, Johannesburg",km from you?
12,R 94 999,R 1 882 p/m,2014 Nissan NP200 1.5dCi Safety Pack,Used Car105 000 kmManual,SG CARS (PTY) LTD,"Highlands North, Johannesburg",km from you?
18,R 94 999,R 1 882 p/m,2012 Chevrolet Cruze Sedan 1.6 L,Used Car118 000 kmManual,SG CARS (PTY) LTD,"Highlands North, Johannesburg",km from you?
10,R 94 999,R 1 882 p/m,2014 Chevrolet Utility 1.4,Used Car110 559 kmManual,DND CARS,"Bramley, Johannesburg",km from you?
17,R 94 999,R 1 882 p/m,2016 Ford Fiesta 5-Door 1.5TDCi Ambiente,Used Car92 000 kmManual,E MOTORS,"Bramley, Johannesburg",km from you?
13,R 94 900,R 1 880 p/m,2015 Renault Sandero Stepway 66kW Turbo,Used Car196 700 kmManual,RIGHT CARS,"North Riding, Randburg",km from you?
10,R 94 900,R 1 880 p/m,2016 Nissan NP200 1.6i (aircon),Used Car72 000 kmManual,OZ MOTORS,"City & Suburban, Johannesburg",km from you?
11,R 94 900,R 1 880 p/m,2015 Volkswagen Polo Vivo 5-Door 1.4 Trendline,Used Car86 000 kmManual,OZ MOTORS,"City & Suburban, Johannesburg",km from you?
12,R 94 900,R 1 880 p/m,2013 Volkswagen Polo Vivo 5-Door 1.4,Used Car86 000 kmManual,OZ MOTORS,"City & Suburban, Johannesburg",km from you?
13,R 94 900,R 1 880 p/m,2012 Volkswagen Polo 1.6 Comfortline,Used Car93 000 kmManual,OZ MOTORS,"City & Suburban, Johannesburg",km from you?
12,R 94 900,R 1 880 p/m,2014 Volkswagen Polo Vivo Sedan 1.4 Trendline Auto,Used Car68 000 kmAutomatic,OZ MOTORS,"City & Suburban, Johannesburg",km from you?
10,R 94 900,R 1 880 p/m,2013 Chevrolet Utility 1.4,Used Car75 000 kmManual,OZ MOTORS,"City & Suburban, Johannesburg",km from you?
10,R 94 900,R 1 880 p/m,2012 Kia K2700 2.7D Workhorse Dropside,Used Car272 000 kmManual,OZ MOTORS,"City & Suburban, Johannesburg",km from you?
12,R 94 900,R 1 880 p/m,2021 Renault Kwid 1.0 Dynamique,Used Car33 000 kmManual,OZ MOTORS,"City & Suburban, Johannesburg",km from you?
11,R 94 900,R 1 880 p/m,2018 Datsun Go 1.2 Lux,Used Car85 000 kmManual,OZ MOTORS,"City & Suburban, Johannesburg",km from you?
17,R 94 900,R 1 880 p/m,2013 Renault Sandero Stepway 1.6,Used Car122 308 kmManual,MONUMENT TOYOTA WEST RAND,"Wilro Park, Roodepoort",km from you?
10,R 94 900,R 1 880 p/m,2016 Tata Super Ace 1.4TD DLS,Used Car103 000 kmManual,MOBILIS AUTO LAB,"Pomona, Kempton Park",km from you?
13,R 94 500,R 1 872 p/m,2015 Ford Figo 1.4 Ambiente,Used Car143 000 kmManual,TREASURE CITY CARS,"Rhodesfield, Kempton Park",km from you?
17,R 94 000,R 1 862 p/m,2012 Chevrolet Cruze Sedan 1.6 L,Used Car118 000 kmManual,SG CARS (PTY) LTD,"Highlands North, Johannesburg",km from you?
12,R 94 000,R 1 862 p/m,2019 Toyota Etios Hatch 1.5 Xi,Used Car95 000 kmManual,TONY MOTORS,"Rhodesfield, Kempton Park",km from you?
12,R 94 000,R 1 862 p/m,2018 Mahindra KUV100 Nxt 1.2 G80 K2+,Used Car57 000 kmManual,TONY MOTORS,"Rhodesfield, Kempton Park",km from you?
10,R 94 000,R 1 862 p/m,2014 Ford Fiesta 5-door 1.4 Ambiente,Used Car76 000 kmManual,CONFIDENT MOTORS,"Maboneng, Johannesburg",km from you?
14,R 93 999,R 1 862 p/m,2017 Ford Fiesta 1.4i 5-Door,Used Car107 000 kmManual,SG CARS (PTY) LTD,"Highlands North, Johannesburg",km from you?
18,R 93 950,R 1 861 p/m,2015 Datsun Go 1.2 Mid,Used Car229 000 kmManual,G I G MOTORS,"Edenvale Central, Edenvale",km from you?
15,R 93 000,R 1 842 p/m,2012 Volkswagen Polo Vivo Sedan 1.4 Trendline,Used Car86 000 kmManual,SG CARS (PTY) LTD,"Highlands North, Johannesburg",km from you?
12,R 93 000,R 1 842 p/m,2016 Volkswagen Polo Vivo 5-Door 1.4 Trendline,Used Car65 000 kmManual,J MAN CARS,"Maboneng, Johannesburg",km from you?
5,R 92 900,R 1 840 p/m,2013 Mitsubishi ASX 2.0 GLX,Used Car252 000 kmManual,RIGHT CARS,"North Riding, Randburg",km from you?
13,R 92 000,R 1 823 p/m,2017 Nissan Almera 1.5 Acenta,Used Car82 000 kmManual,WIZ LINK,"Kempton Park Central, Kempton Park",km from you?
8,R 92 000,R 1 823 p/m,2021 Renault Kwid 1.0 Dynamique,Used Car25 000 kmManual,EF AUTO,"Highlands North, Johannesburg",km from you?
6,R 92 000,R 1 823 p/m,2018 Datsun Go 1.2 Lux,Used Car108 000 kmManual,Private Individual Seller,"Johannesburg Central, Johannesburg",km from you?
20,R 90 995,R 1 803 p/m,2013 Hyundai i20 1.4 GL,Used Car89 000 kmManual,DE REV AUTOS,"Kew Industrial, Johannesburg",km from you?
8,R 90 900,R 1 801 p/m,2013 Alfa Romeo Giulietta 1.4TBi Progression,Used Car90 000 kmManual,WEBUYCARS MIDSTREAM,"Louwlardia, Centurion",km from you?
9,R 90 000,R 1 783 p/m,2015 Hyundai Accent Sedan 1.6 Motion,Used Car221 123 kmManual,CMH TOYOTA ALBERTON,"New Redruth, Alberton",km from you?
14,R 90 000,R 1 783 p/m,2018 Datsun Go+ 1.2 Lux,Used Car94 000 kmManual,CONFIDENT MOTORS,"Maboneng, Johannesburg",km from you?
7,R 90 000,R 1 783 p/m,2013 Volkswagen Polo 1.6 Comfortline,Used Car97 000 kmManual,OKOH MOTORS,"Marshalltown, Johannesburg",km from you?
11,R 90 000,R 1 783 p/m,2015 Ford Figo 1.4 Ambiente,Used Car90 000 kmManual,DWAYNE MOTORS,"Highlands North, Johannesburg",km from you?
18,R 90 000,R 1 783 p/m,2019 Datsun Go+ 1.2 Mid,Used Car63 000 kmManual,STEPHENS AUTO MOTORS,"Kempton Park Central, Kempton Park",km from you?
19,R 90 000,R 1 783 p/m,2015 Hyundai i10 1.1 GLS,Used Car129 000 kmManual,STEPHENS AUTO MOTORS,"Kempton Park Central, Kempton Park",km from you?
16,R 90 000,R 1 783 p/m,2015 Ford Figo 1.4 Ambiente,Used Car143 000 kmManual,STEPHENS AUTO MOTORS,"Kempton Park Central, Kempton Park",km from you?
18,R 90 000,R 1 783 p/m,2013 Honda Jazz 1.3 Trend,Used Car75 000 kmManual,STEPHENS AUTO MOTORS,"Kempton Park Central, Kempton Park",km from you?
17,R 90 000,R 1 783 p/m,2015 Ford Figo 1.4 Ambiente,Used Car87 000 kmManual,STEPHENS AUTO MOTORS,"Kempton Park Central, Kempton Park",km from you?
17,R 90 000,R 1 783 p/m,2017 Hyundai i10 1.1 GLS,Used Car103 000 kmManual,STEPHENS AUTO MOTORS,"Kempton Park Central, Kempton Park",km from you?
15,R 90 000,R 1 783 p/m,2017 Hyundai i10 1.1 GLS,Used Car102 000 kmManual,JAY JAY MOTORS,"Rhodesfield, Kempton Park",km from you?
12,R 90 000,R 1 783 p/m,2016 Chevrolet Spark 1.2,Used Car92 000 kmManual,JAY JAY MOTORS,"Rhodesfield, Kempton Park",km from you?
15,R 90 000,R 1 783 p/m,2012 Kia Cerato Sedan 1.6 EX,Used Car90 000 kmManual,JAY JAY MOTORS,"Rhodesfield, Kempton Park",km from you?
11,R 90 000,R 1 783 p/m,2015 Ford Figo 1.4 Ambiente,Used Car76 000 kmManual,JAY JAY MOTORS,"Rhodesfield, Kempton Park",km from you?
17,R 90 000,R 1 783 p/m,2013 Hyundai i10 1.25 Glide,Used Car80 000 kmManual,JAY JAY MOTORS,"Rhodesfield, Kempton Park",km from you?
15,R 90 000,R 1 783 p/m,2014 Ford Figo 1.4 Trend,Used Car92 000 kmManual,CITY RIDE MY CARS,"Driehoek, Germiston",km from you?
13,R 89 999,R 1 783 p/m,2015 Ford Figo 1.4 Ambiente,Used Car90 000 kmManual,SG CARS (PTY) LTD,"Highlands North, Johannesburg",km from you?
14,R 89 999,R 1 783 p/m,2014 Nissan NP200 1.6i,Used Car97 000 kmManual,E MOTORS,"Bramley, Johannesburg",km from you?
7,R 89 999,R 1 783 p/m,2018 Hyundai Grand i10 1.25 Fluid,Used Car77 000 kmManual,GI MOTORS,"Pretoria Central, Pretoria",km from you?
8,R 89 999,R 1 783 p/m,2015 Volkswagen up! Move up! 3-Door 1.0,Used Car90 000 kmManual,GI MOTORS,"Pretoria Central, Pretoria",km from you?
13,R 89 999,R 1 783 p/m,2015 Honda Ballade 1.5 Elegance,Used Car56 000 kmManual,SMART CARS JHB,"Bezuidenhout Valley, Johannesburg",km from you?
12,R 89 999,R 1 783 p/m,2016 Toyota Yaris 5-Door 1.0 XS,Used Car85 000 kmManual,SMART CARS JHB,"Bezuidenhout Valley, Johannesburg",km from you?
14,R 89 999,R 1 783 p/m,2016 Toyota Etios Sedan 1.5 Xi,Used Car85 000 kmManual,SMART CARS JHB,"Bezuidenhout Valley, Johannesburg",km from you?
13,R 89 999,R 1 783 p/m,2014 Volkswagen Polo Sedan 1.6 Comfortline,Used Car89 000 kmManual,SMART CARS JHB,"Bezuidenhout Valley, Johannesburg",km from you?
13,R 89 999,R 1 783 p/m,2014 Jeep Compass 2.0L Limited Altitude Auto,Used Car79 000 kmAutomatic,SMART CARS JHB,"Bezuidenhout Valley, Johannesburg",km from you?
11,R 89 999,R 1 783 p/m,2015 Nissan NP200 1.6i loaded,Used Car81 000 kmManual,SMART CARS JHB,"Bezuidenhout Valley, Johannesburg",km from you?
13,R 89 999,R 1 783 p/m,2014 Ford Focus 2.0 Trend 5-Door,Used Car93 000 kmManual,SMART CARS JHB,"Bezuidenhout Valley, Johannesburg",km from you?
15,R 89 999,R 1 783 p/m,2012 Hyundai i20 1.4 GL,Used Car117 000 kmManual,SG CARS (PTY) LTD,"Highlands North, Johannesburg",km from you?
17,R 89 999,R 1 783 p/m,2016 Chevrolet Spark 1.2 L,Used Car53 000 kmManual,SG CARS (PTY) LTD,"Highlands North, Johannesburg",km from you?
10,R 89 999,R 1 783 p/m,2016 Datsun Go 1.2 Lux,Used Car140 000 kmManual,SG CARS (PTY) LTD,"Highlands North, Johannesburg",km from you?
15,R 89 999,R 1 783 p/m,2014 Suzuki Swift Hatch 1.2 GL,Used Car80 000 kmManual,JODES MOTORS,"Allen Grove, Kempton Park",km from you?
12,R 89 999,R 1 783 p/m,2015 Ford Figo 1.4 Ambiente,Used Car99 195 kmManual,DND CARS,"Bramley, Johannesburg",km from you?
9,R 89 999,R 1 783 p/m,2016 Renault Captur 88kW Turbo Dynamique Auto,Used Car126 000 kmAutomatic,GI MOTORS,"Pretoria Central, Pretoria",km from you?
10,R 89 999,R 1 783 p/m,2016 Toyota Yaris 5-Door 1.0 XS,Used Car80 000 kmManual,GI MOTORS,"Pretoria Central, Pretoria",km from you?
9,R 89 995,R 1 783 p/m,2012 Chevrolet Spark 1.2 LS,Used Car160 807 kmManual,AUTO STRADA,"Gezina, Pretoria",km from you?
18,R 89 995,R 1 783 p/m,2017 Tata Indica 1.4 LE LTD,Used Car63 450 kmManual,MOTORDEAL PREMIUM,"Vanderbijlpark CE 6, Vanderbijlpark",km from you?
14,R 89 995,R 1 783 p/m,2016 Toyota Etios Hatch 1.5 Xs,Used Car214 000 kmManual,PRESTIGE AUTO TRADERS,"Alberton North, Alberton",km from you?
17,R 89 995,R 1 783 p/m,2015 Renault Sandero 66kW Turbo Expression (Aircon),Used Car126 390 kmManual,PRESTIGE AUTO TRADERS,"Alberton North, Alberton",km from you?
18,R 89 995,R 1 783 p/m,2013 Hyundai i20 1.4 GL,Used Car169 000 kmManual,DE REV AUTOS,"Kew Industrial, Johannesburg",km from you?
19,R 89 995,R 1 783 p/m,2012 Ford Fiesta 3-Door 1.6 Titanium,Used Car105 000 kmManual,DE REV AUTOS,"Kew Industrial, Johannesburg",km from you?
20,R 89 995,R 1 783 p/m,2013 Nissan Juke 1.6 Acenta+,Used Car97 000 kmManual,DE REV AUTOS,"Kew Industrial, Johannesburg",km from you?
18,R 89 995,R 1 783 p/m,2015 Nissan NP200 1.6i,Used Car72 000 kmManual,DE REV AUTOS,"Kew Industrial, Johannesburg",km from you?
19,R 89 995,R 1 783 p/m,2016 Ford Figo 1.4 Ambiente,Used Car89 000 kmManual,DE RM MOTORS,"Kew, Johannesburg",km from you?
9,R 89 990,R 1 783 p/m,2018 Renault Kwid 1.0 Dynamique,Used Car116 000 kmManual,JER AUTO,"Casseldale, Springs",km from you?
20,R 89 990,R 1 783 p/m,2014 Honda Brio Hatch 1.2 Trend,Used Car184 750 kmManual,MOTUS HONDA AND MITSUBISHI EAST RAND,"Bardene, Boksburg",km from you?
1,R 89 990,R 1 783 p/m,2012 Peugeot 207 1.4 Active,Used Car112 000 kmManual,BIKESHOP RIVONIA,"Rivonia, Sandton",km from you?
11,R 89 950,R 1 782 p/m,2013 Chevrolet Sonic Sedan 1.6 LS Auto,Used Car160 000 kmAutomatic,REVOLUTION AUTO,"Ferndale, Randburg",km from you?
11,R 89 950,R 1 782 p/m,2013 Ford Figo 1.4 Ambiente,Used Car130 308 kmManual,ANGLO CAR DEALERS,"Benoni Industrial, Benoni",km from you?
15,R 89 950,R 1 782 p/m,2012 Toyota Aygo 3-Door 1.0 Wild,Used Car212 000 kmManual,G I G MOTORS,"Edenvale Central, Edenvale",km from you?
18,R 89 950,R 1 782 p/m,2014 Renault Sandero 1.4 Ambiance,Used Car217 000 kmManual,G I G MOTORS,"Edenvale Central, Edenvale",km from you?
19,R 89 950,R 1 782 p/m,2013 Chevrolet Cruze Sedan 1.6 L,Used Car156 000 kmManual,DMCC CARS,"Orange Grove, Johannesburg",km from you?
15,R 89 950,R 1 782 p/m,2013 Peugeot 207 1.4 Pop Art,Used Car120 235 kmManual,VEE MOTORS,"Edenvale Central, Edenvale",km from you?
8,R 89 950,R 1 782 p/m,2013 Fiat Punto 1.4 Pop,Used Car177 388 kmManual,JOURNEY MOTORS,"Gezina, Pretoria",km from you?
9,R 89 900,R 1 781 p/m,2016 Nissan NP200 1.6i (aircon),Used Car272 663 kmManual,CMH EAST RAND,"Beyers Park, Boksburg",km from you?
11,R 89 900,R 1 781 p/m,2012 Toyota Aygo 3-Door 1.0 Wild,Used Car113 600 kmManual,CALLABEE AUTOMOTIVE,"Little Falls, Roodepoort",km from you?
7,R 89 900,R 1 781 p/m,2014 Chevrolet Spark Lite 1.0 LS,Used Car221 000 kmManual,BRYANSTON EXECUTIVE CARS,"Ferndale, Randburg",km from you?
9,R 89 900,R 1 781 p/m,2014 Tata Vista 1.4 Ini Bounce,Used Car123 000 kmManual,BRYANSTON EXECUTIVE CARS,"Ferndale, Randburg",km from you?
11,R 89 900,R 1 781 p/m,2014 Chevrolet Utility 1.4 (Aircon),Used Car75 000 kmManual,OZ MOTORS,"City & Suburban, Johannesburg",km from you?
12,R 89 900,R 1 781 p/m,2015 Volkswagen Polo Vivo Hatch 1.4 Trendline,Used Car83 000 kmManual,OZ MOTORS,"City & Suburban, Johannesburg",km from you?
12,R 89 900,R 1 781 p/m,2014 Toyota Etios Hatch 1.5 Xs,Used Car88 000 kmManual,OZ MOTORS,"City & Suburban, Johannesburg",km from you?
12,R 89 900,R 1 781 p/m,2014 Mazda Mazda3 Sport 1.6 Dynamic,Used Car72 000 kmManual,OZ MOTORS,"City & Suburban, Johannesburg",km from you?
8,R 89 900,R 1 781 p/m,2012 Ford Bantam 1.6i,Used Car378 000 kmManual,KONDAKOV CARS CC,"Ravenswood, Boksburg",km from you?
12,R 89 900,R 1 781 p/m,2014 Nissan Sentra 1.6 Acenta,Used Car149 900 kmManual,RIGHT CARS,"North Riding, Randburg",km from you?
12,R 89 900,R 1 781 p/m,2012 Ford Focus Hatch 1.6 Ambiente,Used Car182 000 kmManual,RIGHT CARS,"North Riding, Randburg",km from you?
12,R 89 900,R 1 781 p/m,2013 Volkswagen Polo Vivo Sedan 1.4 Trendline Auto,Used Car170 600 kmAutomatic,RIGHT CARS,"North Riding, Randburg",km from you?
13,R 89 900,R 1 781 p/m,2014 Nissan NV200 Panel Van 1.5dCi Visia,Used Car299 700 kmManual,RIGHT CARS,"North Riding, Randburg",km from you?
12,R 89 900,R 1 781 p/m,2013 GWM Steed 5 2.0VGT Double Cab 4x4 Lux,Used Car220 000 kmManual,RIGHT CARS,"North Riding, Randburg",km from you?
4,R 89 900,R 1 781 p/m,2013 Chevrolet Utility 1.4,Used Car213 000 kmManual,RIGHT CARS,"North Riding, Randburg",km from you?
12,R 89 900,R 1 781 p/m,2013 Volkswagen Polo Vivo Sedan 1.4 Trendline Auto,Used Car170 600 kmAutomatic,RIGHT CARS,"North Riding, Randburg",km from you?
6,R 89 900,R 1 781 p/m,2016 Smart Forfour 52kW Passion,Used Car54 000 kmManual,RIFLE RANGE CAR SALES,"Rosettenville, Johannesburg",km from you?
8,R 89 900,R 1 781 p/m,2014 Ford Figo 1.4 Ambiente,Used Car148 300 kmManual,RIFLE RANGE CAR SALES,"Rosettenville, Johannesburg",km from you?
9,R 89 900,R 1 781 p/m,2014 Toyota Etios Hatch 1.5 Xi,Used Car149 900 kmManual,RIFLE RANGE CAR SALES,"Rosettenville, Johannesburg",km from you?
11,R 89 900,R 1 781 p/m,2016 FAW Sirius S80 1.5,Used Car127 000 kmManual,RIGHT CARS,"North Riding, Randburg",km from you?
6,R 89 850,R 1 780 p/m,2014 Ford Figo 1.4 Ambiente,Used Car115 000 kmManual,EASY CARS RANDBURG,"Robindale, Randburg",km from you?
11,R 89 700,R 1 777 p/m,2015 Kia Picanto 1.0 LS,Used Car130 423 kmManual,TTT WHEELS,"Ridgeway, Johannesburg",km from you?
10,R 89 700,R 1 777 p/m,2018 Datsun Go 1.2 Lux,Used Car159 968 kmManual,TTT WHEELS,"Ridgeway, Johannesburg",km from you?
9,R 89 700,R 1 777 p/m,2013 Renault Clio 1.6 Yahoo!,Used Car1 kmManual,Southgate Wheels,"Florida North, Roodepoort",km from you?
10,R 89 700,R 1 777 p/m,2017 Renault Kwid 1.0 Dynamique,Used Car62 286 kmManual,Southgate Wheels,"Florida North, Roodepoort",km from you?
9,R 89 700,R 1 777 p/m,2020 Renault Kwid 1.0 Dynamique,Used Car1 kmManual,Southgate Wheels,"Florida North, Roodepoort",km from you?
6,R 89 700,R 1 777 p/m,2016 Renault Clio 66kW Turbo Blaze,Used Car123 309 kmManual,Southgate Wheels,"Florida North, Roodepoort",km from you?
10,R 89 700,R 1 777 p/m,2016 Peugeot 208 1.2 Active,Used Car125 142 kmManual,Southgate Wheels,"Florida North, Roodepoort",km from you?
10,R 89 700,R 1 777 p/m,2012 Volvo S40 2.0 L,Used Car88 000 kmManual,Southgate Wheels,"Florida North, Roodepoort",km from you?
10,R 89 700,R 1 777 p/m,2012 Volvo S40 2.0 L,Used Car88 884 kmManual,Southgate Wheels,"Florida North, Roodepoort",km from you?
8,R 89 700,R 1 777 p/m,2013 Mitsubishi Triton 2.4 GL,Used Car155 551 kmManual,Southgate Wheels,"Florida North, Roodepoort",km from you?
9,R 89 700,R 1 777 p/m,2012 Mercedes-Benz C-Class C180 Avantgarde Auto,Used Car128 211 kmAutomatic,Southgate Wheels,"Florida North, Roodepoort",km from you?
9,R 89 700,R 1 777 p/m,2018 Renault Kwid 1.0 Dynamique,Used Car137 116 kmManual,Southgate Wheels,"Florida North, Roodepoort",km from you?
9,R 89 700,R 1 777 p/m,2012 Toyota Corolla 1.6 Professional,Used Car176 401 kmManual,Southgate Wheels,"Florida North, Roodepoort",km from you?
10,R 89 500,R 1 773 p/m,2014 Ford Ikon 1.6 Ambiente,Used Car168 000 kmManual,ONSKOOPJOUKAR,"Sinoville, Pretoria",km from you?
14,R 89 500,R 1 773 p/m,2019 Suzuki Celerio 1.0 GA,Used Car90 260 kmManual,CAPITAL AUTO WORLD MIDRAND,"Randjespark, Midrand",km from you?
12,R 89 500,R 1 773 p/m,2012 Hyundai i20 1.6 GLS,Used Car83 000 kmManual,TREASURE CITY CARS,"Rhodesfield, Kempton Park",km from you?
6,R 89 000,R 1 763 p/m,2012 Renault Sandero Stepway 1.6,Used Car144 000 kmManual,WILLOWCREST MOTORS,"Fontainebleau, Randburg",km from you?
6,R 89 000,R 1 763 p/m,2015 Chevrolet Spark 1.2 Pronto Panel Van,Used Car177 000 kmManual,WILLOWCREST MOTORS,"Fontainebleau, Randburg",km from you?
6,R 89 000,R 1 763 p/m,2017 Renault Kwid 1.0 Dynamique,Used Car98 000 kmManual,WILLOWCREST MOTORS,"Fontainebleau, Randburg",km from you?
6,R 89 000,R 1 763 p/m,2016 Datsun Go 1.2 Mid,Used Car89 500 kmManual,WILLOWCREST MOTORS,"Fontainebleau, Randburg",km from you?
4,R 89 000,R 1 763 p/m,2013 Fiat Punto 1.4 MultiAir Easy,Used Car84 000 kmManual,WILLOWCREST MOTORS,"Fontainebleau, Randburg",km from you?
11,R 89 000,R 1 763 p/m,2014 Nissan NP200 1.6i (aircon),Used Car87 000 kmManual,ST CARS DEALERSHIP,"Kensington, Johannesburg",km from you?
16,R 89 000,R 1 763 p/m,2015 Volkswagen Polo Vivo 5-Door 1.4,Used Car87 000 kmManual,CONFIDENT MOTORS,"Maboneng, Johannesburg",km from you?
15,R 89 000,R 1 763 p/m,2015 Ford Figo 1.4 Ambiente,Used Car76 000 kmManual,JODES MOTORS,"Allen Grove, Kempton Park",km from you?
12,R 89 000,R 1 763 p/m,2016 Chevrolet Spark 1.2 LS,Used Car92 000 kmManual,TONY MOTORS,"Rhodesfield, Kempton Park",km from you?
10,R 89 000,R 1 763 p/m,2012 Volkswagen Polo Vivo 5-Door 1.4 Trendline,Used Car86 000 kmManual,EAGLE CARS,"Bezuidenhout Valley, Johannesburg",km from you?
10,R 89 000,R 1 763 p/m,2013 Hyundai i20 1.4 Fluid,Used Car85 000 kmManual,J MAN CARS,"Maboneng, Johannesburg",km from you?
8,R 89 000,R 1 763 p/m,2014 Chevrolet Utility 1.4 Club,Used Car93 000 kmManual,J MAN CARS,"Maboneng, Johannesburg",km from you?
11,R 89 000,R 1 763 p/m,2014 Renault Clio 66kW Turbo Expression,Used Car97 000 kmManual,J MAN CARS,"Maboneng, Johannesburg",km from you?
13,R 89 000,R 1 763 p/m,2014 Chevrolet Utility 1.4,Used Car84 000 kmManual,CITY RIDE MY CARS,"Driehoek, Germiston",km from you?
14,R 89 000,R 1 763 p/m,2018 Datsun Go 1.2 Lux,Used Car86 000 kmManual,CITY RIDE MY CARS,"Driehoek, Germiston",km from you?
11,R 89 000,R 1 763 p/m,2014 Hyundai i20 1.4 Fluid Auto,Used Car97 000 kmAutomatic,J MAN CARS,"Maboneng, Johannesburg",km from you?
11,R 88 000,R 1 743 p/m,2015 Volkswagen up! Move up! 3-Door 1.0,Used Car137 000 kmManual,GI MOTORS,"Pretoria Central, Pretoria",km from you?
9,R 88 000,R 1 743 p/m,2013 Hyundai i20 1.4 Glide,Used Car74 000 kmManual,GI MOTORS,"Pretoria Central, Pretoria",km from you?
9,R 88 000,R 1 743 p/m,2012 Volkswagen Polo Vivo Sedan 1.4,Used Car125 000 kmManual,GI MOTORS,"Pretoria Central, Pretoria",km from you?
12,R 88 000,R 1 743 p/m,2012 Kia Cerato Sedan 1.6 EX,Used Car90 000 kmManual,TONY MOTORS,"Rhodesfield, Kempton Park",km from you?
14,R 88 000,R 1 743 p/m,2016 Hyundai i10 1.1 GLS,Used Car92 000 kmManual,STEPHENS AUTO MOTORS,"Kempton Park Central, Kempton Park",km from you?
16,R 88 000,R 1 743 p/m,2012 Kia Cerato Sedan 1.6 EX,Used Car89 000 kmManual,NOLLY MOTORS,"Glen Marais, Kempton Park",km from you?
16,R 88 000,R 1 743 p/m,2013 Hyundai i10 1.25 Glide,Used Car80 000 kmManual,NOLLY MOTORS,"Glen Marais, Kempton Park",km from you?
14,R 88 000,R 1 743 p/m,2019 Renault Kwid 1.0 Dynamique,Used Car70 000 kmManual,NOLLY MOTORS,"Glen Marais, Kempton Park",km from you?
14,R 88 000,R 1 743 p/m,2016 Hyundai i10 1.2 GLS,Used Car92 000 kmManual,JAY JAY MOTORS,"Rhodesfield, Kempton Park",km from you?
10,R 87 990,R 1 743 p/m,2014 Chevrolet Utility 1.4,Used Car72 000 kmManual,OZ MOTORS,"City & Suburban, Johannesburg",km from you?
12,R 87 900,R 1 741 p/m,2013 Mahindra XUV500 2.2CRDe W8,Used Car306 200 kmManual,RIGHT CARS,"North Riding, Randburg",km from you?
12,R 87 000,R 1 724 p/m,2012 Kia Cerato Sedan 2.0 SX,Used Car92 000 kmManual,EAGLE CARS,"Bezuidenhout Valley, Johannesburg",km from you?
15,R 87 000,R 1 724 p/m,2013 Honda Jazz 1.3 Trend,Used Car75 000 kmManual,NOLLY MOTORS,"Glen Marais, Kempton Park",km from you?
11,R 87 000,R 1 724 p/m,2016 Ford Figo 1.4 Ambiente,Used Car72 000 kmManual,NICK AUTO,"Glen Marais, Kempton Park",km from you?
10,R 86 000,R 1 704 p/m,2012 Volkswagen Polo Vivo 5-Door 1.4 Trendline,Used Car75 000 kmManual,EAGLE CARS,"Bezuidenhout Valley, Johannesburg",km from you?
17,R 86 000,R 1 704 p/m,2012 Hyundai i10 1.1 GLS,Used Car104 000 kmManual,STEPHENS AUTO MOTORS,"Kempton Park Central, Kempton Park",km from you?
11,R 86 000,R 1 704 p/m,2016 Ford Figo 1.4 Ambiente,Used Car89 000 kmManual,NICK AUTO,"Glen Marais, Kempton Park",km from you?
19,R 85 995,R 1 704 p/m,2012 Nissan NP200 1.6 16v S,Used Car107 000 kmManual,DE REV AUTOS,"Kew Industrial, Johannesburg",km from you?
13,R 85 000,R 1 684 p/m,2013 Hyundai i20 1.4 Fluid,Used Car78 000 kmManual,OKOH MOTORS,"Marshalltown, Johannesburg",km from you?
9,R 85 000,R 1 684 p/m,2012 Nissan NP200 1.6 16v Mid,Used Car96 000 kmManual,OKOH MOTORS,"Marshalltown, Johannesburg",km from you?
15,R 85 000,R 1 684 p/m,2014 Ford Figo 1.4 Trend,Used Car38 000 kmManual,ST CARS DEALERSHIP,"Kensington, Johannesburg",km from you?
12,R 85 000,R 1 684 p/m,2015 Ford Figo 1.4 Ambiente,Used Car99 000 kmManual,DMCC CARS,"Orange Grove, Johannesburg",km from you?
11,R 85 000,R 1 684 p/m,2017 Nissan NP200 1.5dCi Safety Pack,Used Car189 000 kmManual,DWAYNE MOTORS,"Highlands North, Johannesburg",km from you?
15,R 85 000,R 1 684 p/m,2017 Chevrolet Spark 1.2 LS,Used Car81 000 kmManual,JODES MOTORS,"Allen Grove, Kempton Park",km from you?
9,R 85 000,R 1 684 p/m,2014 Renault Sandero Stepway 1.6,Used Car80 000 kmManual,EAGLE CARS,"Bezuidenhout Valley, Johannesburg",km from you?
9,R 85 000,R 1 684 p/m,2013 Chevrolet Utility 1.4,Used Car79 000 kmManual,EAGLE CARS,"Bezuidenhout Valley, Johannesburg",km from you?
15,R 85 000,R 1 684 p/m,2013 Volkswagen Polo Vivo 5-Door 1.4 Trendline,Used Car87 000 kmManual,STEPHENS AUTO MOTORS,"Kempton Park Central, Kempton Park",km from you?
13,R 85 000,R 1 684 p/m,2014 Suzuki Swift Hatch 1.2 GA,Used Car110 000 kmManual,WIZ LINK,"Kempton Park Central, Kempton Park",km from you?
11,R 85 000,R 1 684 p/m,2016 Renault Sandero 66kW Turbo Dynamique,Used Car77 000 kmManual,STEPHENS AUTO MOTORS,"Kempton Park Central, Kempton Park",km from you?
18,R 85 000,R 1 684 p/m,2014 Hyundai i10 1.1 GLS,Used Car87 000 kmManual,STEPHENS AUTO MOTORS,"Kempton Park Central, Kempton Park",km from you?
15,R 85 000,R 1 684 p/m,2013 Nissan Micra 1.2 Visia+ (audio),Used Car86 000 kmManual,STEPHENS AUTO MOTORS,"Kempton Park Central, Kempton Park",km from you?
14,R 85 000,R 1 684 p/m,2014 Ford Figo 1.4 Ambiente,Used Car88 000 kmManual,STEPHENS AUTO MOTORS,"Kempton Park Central, Kempton Park",km from you?
17,R 85 000,R 1 684 p/m,2012 Hyundai i20 1.4 GL,Used Car93 000 kmManual,STEPHENS AUTO MOTORS,"Kempton Park Central, Kempton Park",km from you?
15,R 85 000,R 1 684 p/m,2015 Renault Clio 66kW Turbo Expression,Used Car73 000 kmManual,STEPHENS AUTO MOTORS,"Kempton Park Central, Kempton Park",km from you?
14,R 85 000,R 1 684 p/m,2013 Chevrolet Spark 1.2 LS,Used Car108 000 kmManual,STEPHENS AUTO MOTORS,"Kempton Park Central, Kempton Park",km from you?
15,R 85 000,R 1 684 p/m,2013 Volkswagen Polo Vivo Sedan 1.4 Trendline,Used Car82 000 kmManual,STEPHENS AUTO MOTORS,"Kempton Park Central, Kempton Park",km from you?
13,R 85 000,R 1 684 p/m,2015 Ford Figo 1.4 Ambiente,Used Car85 000 kmManual,JAY JAY MOTORS,"Rhodesfield, Kempton Park",km from you?
13,R 85 000,R 1 684 p/m,2012 Hyundai i10 1.2 GLS,Used Car125 000 kmManual,JAY JAY MOTORS,"Rhodesfield, Kempton Park",km from you?
13,R 85 000,R 1 684 p/m,2015 Volkswagen Polo Vivo Hatch 1.6 GT,Used Car72 000 kmManual,ST CARS DEALERSHIP,"Kensington, Johannesburg",km from you?
12,R 85 000,R 1 684 p/m,2015 Chevrolet Corsa Utility 1.4,Used Car88 000 kmManual,WIZ LINK,"Kempton Park Central, Kempton Park",km from you?
10,R 85 000,R 1 684 p/m,2014 Chevrolet Spark 1.2,Used Car67 000 kmManual,TREASURE CITY CARS,"Rhodesfield, Kempton Park",km from you?
13,R 85 000,R 1 684 p/m,2017 Chevrolet Spark 1.2,Used Car82 000 kmManual,TREASURE CITY CARS,"Rhodesfield, Kempton Park",km from you?
13,R 85 000,R 1 684 p/m,2017 Chevrolet Spark 1.2,Used Car82 000 kmManual,TREASURE CITY CARS,"Rhodesfield, Kempton Park",km from you?
15,R 85 000,R 1 684 p/m,2012 Hyundai i10 1.1 GLS,Used Car132 000 kmManual,CITY RIDE MY CARS,"Driehoek, Germiston",km from you?
16,R 84 999,R 1 684 p/m,2012 Hyundai i20 1.4 GL,Used Car117 000 kmManual,E MOTORS,"Bramley, Johannesburg",km from you?
17,R 84 999,R 1 684 p/m,2013 Ford Figo 1.4 Ambiente,Used Car105 000 kmManual,E MOTORS,"Bramley, Johannesburg",km from you?
13,R 84 999,R 1 684 p/m,2020 Suzuki Celerio 1.0 GA,Used Car26 000 kmManual,SMART CARS JHB,"Bezuidenhout Valley, Johannesburg",km from you?
13,R 84 999,R 1 684 p/m,2014 Ford Focus Hatch 1.6 Trend,Used Car106 000 kmManual,SMART CARS JHB,"Bezuidenhout Valley, Johannesburg",km from you?
13,R 84 999,R 1 684 p/m,2012 Lexus IS 250 E,Used Car141 000 kmAutomatic,SMART CARS JHB,"Bezuidenhout Valley, Johannesburg",km from you?
13,R 84 999,R 1 684 p/m,2014 Nissan Juke 1.6 Acenta,Used Car93 000 kmManual,SMART CARS JHB,"Bezuidenhout Valley, Johannesburg",km from you?
11,R 84 999,R 1 684 p/m,2012 Ford Bantam 1.6i,Used Car87 000 kmManual,SMART CARS JHB,"Bezuidenhout Valley, Johannesburg",km from you?
12,R 84 999,R 1 684 p/m,2015 Toyota Etios Hatch 1.5 Xs,Used Car79 000 kmManual,SMART CARS JHB,"Bezuidenhout Valley, Johannesburg",km from you?
13,R 84 999,R 1 684 p/m,2015 Ford Figo 1.4 Ambiente,Used Car142 000 kmManual,SG CARS (PTY) LTD,"Highlands North, Johannesburg",km from you?
12,R 84 999,R 1 684 p/m,2016 Chevrolet Spark 1.2 LS,Used Car150 000 kmManual,WEELEE,"Witfontein, Kempton Park",km from you?
20,R 84 995,R 1 684 p/m,2014 Ford Figo 1.4 Ambiente,Used Car102 000 kmManual,DE REV AUTOS,"Kew Industrial, Johannesburg",km from you?
13,R 84 995,R 1 684 p/m,2013 Chevrolet Spark 1.2 Campus,Used Car153 000 kmManual,MAHINDRA PRETORIA NORTH,"Pretoria North, Pretoria",km from you?
20,R 84 995,R 1 684 p/m,2012 Volkswagen Polo Vivo 5-Door 1.6,Used Car109 000 kmManual,DE REV AUTOS,"Kew Industrial, Johannesburg",km from you?
20,R 84 995,R 1 684 p/m,2012 Volkswagen Polo Vivo 5-Door 1.6,Used Car87 000 kmManual,DE REV AUTOS,"Kew Industrial, Johannesburg",km from you?
19,R 84 995,R 1 684 p/m,2012 Toyota Yaris 5-Door Zen3 S,Used Car86 000 kmManual,DE REV AUTOS,"Kew Industrial, Johannesburg",km from you?
13,R 84 995,R 1 684 p/m,2014 Ford Figo 1.4 Ambiente,Used Car87 000 kmManual,RIFLE RANGE CAR SALES,"Rosettenville, Johannesburg",km from you?
20,R 84 995,R 1 684 p/m,2012 Toyota Yaris 1.3 T3 5-Door,Used Car89 000 kmManual,DE RM MOTORS,"Kew, Johannesburg",km from you?
10,R 84 950,R 1 683 p/m,2013 Peugeot 107 1.0 Trendy,Used Car124 000 kmManual,REVOLUTION AUTO,"Ferndale, Randburg",km from you?
15,R 84 900,R 1 682 p/m,2012 Chevrolet Spark 1.2 L,Used Car122 000 kmManual,DIA MOTORS,"Krugersdorp North, Krugersdorp",km from you?
10,R 84 900,R 1 682 p/m,2012 Volkswagen Polo Vivo 5-Door 1.4 Trendline,Used Car86 000 kmManual,OZ MOTORS,"City & Suburban, Johannesburg",km from you?
10,R 84 900,R 1 682 p/m,2019 Ford Figo Hatch 1.5 Blu,Used Car27 000 kmManual,OZ MOTORS,"City & Suburban, Johannesburg",km from you?
11,R 84 900,R 1 682 p/m,2012 Ford Fiesta 5-Door 1.4 Trend,Used Car82 000 kmManual,OZ MOTORS,"City & Suburban, Johannesburg",km from you?
10,R 84 900,R 1 682 p/m,2018 Datsun Go 1.2 Lux,Used Car86 000 kmManual,OZ MOTORS,"City & Suburban, Johannesburg",km from you?
4,R 84 900,R 1 682 p/m,2016 Chevrolet Spark 1.2 Curve,Used Car75 300 kmManual,WINGFIELD MOTORS GAUTENG,"Bartletts, Boksburg",km from you?
7,R 84 900,R 1 682 p/m,2015 Tata Vista 1.4 Ignis,Used Car91 900 kmManual,KONDAKOV CARS CC,"Ravenswood, Boksburg",km from you?
11,R 84 900,R 1 682 p/m,2012 Chevrolet Sonic Sedan 1.6 LS,Used Car133 300 kmManual,RIGHT CARS,"North Riding, Randburg",km from you?
14,R 84 890,R 1 682 p/m,2015 Ford Figo 1.4 Trend,Used Car48 000 kmManual,DMCC CARS,"Orange Grove, Johannesburg",km from you?
10,R 84 700,R 1 678 p/m,2013 Kia Picanto 1.0,Used Car162 779 kmManual,Southgate Wheels,"Florida North, Roodepoort",km from you?
12,R 84 500,R 1 674 p/m,2016 Renault Sandero 66kW Turbo Dynamique,Used Car75 000 kmManual,TREASURE CITY CARS,"Rhodesfield, Kempton Park",km from you?
9,R 84 000,R 1 664 p/m,2017 Datsun Go 1.2 Lux,Used Car68 000 kmManual,CONFIDENT MOTORS,"Maboneng, Johannesburg",km from you?
12,R 84 000,R 1 664 p/m,2012 Nissan Micra 1.2 Acenta,Used Car85 000 kmManual,TONY MOTORS,"Rhodesfield, Kempton Park",km from you?
11,R 84 000,R 1 664 p/m,2012 Volkswagen Polo Vivo 5-Door 1.4 Trendline,Used Car85 000 kmManual,J MAN CARS,"Maboneng, Johannesburg",km from you?
9,R 83 000,R 1 644 p/m,2017 Hyundai i10 1.1 GLS,Used Car57 000 kmManual,GI MOTORS,"Pretoria Central, Pretoria",km from you?
12,R 83 000,R 1 644 p/m,2014 Ford Figo 1.4 Ambiente,Used Car98 000 kmManual,EAGLE CARS,"Bezuidenhout Valley, Johannesburg",km from you?
14,R 83 000,R 1 644 p/m,2012 Hyundai i10 1.1 GLS,Used Car94 000 kmManual,STEPHENS AUTO MOTORS,"Kempton Park Central, Kempton Park",km from you?
15,R 83 000,R 1 644 p/m,2016 Datsun Go 1.2 Lux,Used Car88 000 kmManual,JAY JAY MOTORS,"Rhodesfield, Kempton Park",km from you?
13,R 83 000,R 1 644 p/m,2019 Renault Kwid 1.0 Dynamique,Used Car38 000 kmManual,NOLLY MOTORS,"Glen Marais, Kempton Park",km from you?
11,R 82 900,R 1 642 p/m,2018 Renault Kwid 1.0 Expression,Used Car72 000 kmManual,OZ MOTORS,"City & Suburban, Johannesburg",km from you?
15,R 82 000,R 1 625 p/m,2014 Hyundai i10 1.1 GLS,Used Car85 000 kmManual,NOLLY MOTORS,"Glen Marais, Kempton Park",km from you?
19,R 82 000,R 1 625 p/m,2016 Hyundai i10 1.1 GLS,Used Car92 000 kmManual,CITY RIDE MY CARS,"Driehoek, Germiston",km from you?
20,R 82 000,R 1 625 p/m,2015 Toyota Etios Hatch 1.5 Xs,Used Car53 000 kmManual,CITY RIDE MY CARS,"Driehoek, Germiston",km from you?
13,R 81 999,R 1 624 p/m,2012 Volkswagen Polo Vivo 5-Door 1.4,Used Car147 000 kmManual,SMART CARS JHB,"Bezuidenhout Valley, Johannesburg",km from you?
20,R 81 995,R 1 624 p/m,2013 Ford Figo 1.4TDCi Ambiente,Used Car89 000 kmManual,DE RM MOTORS,"Kew, Johannesburg",km from you?
9,R 80 000,R 1 585 p/m,2016 Chevrolet Utility 1.4,Used Car244 563 kmManual,AUTO INVESTMENTS PRETORIA NORTH,"Pretoria North, Pretoria",km from you?
8,R 80 000,R 1 585 p/m,2015 Chevrolet Utility 1.4,Used Car273 400 kmManual,AUTO INVESTMENTS PRETORIA NORTH,"Pretoria North, Pretoria",km from you?
9,R 80 000,R 1 585 p/m,2015 Ford Figo Hatch 1.5 Ambiente,Used Car90 000 kmManual,ZAN AUTO,"Savoy Estate, Johannesburg",km from you?
14,R 80 000,R 1 585 p/m,2015 Ford Figo 1.4 Ambiente,Used Car76 000 kmManual,MILLION MOTORS,"Nimrod Park, Kempton Park",km from you?
10,R 80 000,R 1 585 p/m,2015 Ford Figo 1.4 Ambiente,Used Car90 000 kmManual,TJ AUTO,"Bramley, Johannesburg",km from you?
17,R 80 000,R 1 585 p/m,2015 Peugeot 208 5-Door 1.2 Active,Used Car116 000 kmManual,STEPHENS AUTO MOTORS,"Kempton Park Central, Kempton Park",km from you?
15,R 80 000,R 1 585 p/m,2012 Ford Figo 1.4 Ambiente,Used Car89 000 kmManual,STEPHENS AUTO MOTORS,"Kempton Park Central, Kempton Park",km from you?
15,R 80 000,R 1 585 p/m,2018 Renault Kwid 1.0 Dynamique,Used Car66 000 kmManual,STEPHENS AUTO MOTORS,"Kempton Park Central, Kempton Park",km from you?
10,R 80 000,R 1 585 p/m,2013 Renault Fluence 2.0 Privilege,Used Car117 287 kmManual,SANDTON REPO CARS,"Blackheath, Randburg",km from you?
14,R 80 000,R 1 585 p/m,2012 Renault Sandero 1.6 Dynamique,Used Car177 000 kmManual,STEPHENS AUTO MOTORS,"Kempton Park Central, Kempton Park",km from you?
15,R 80 000,R 1 585 p/m,2012 Hyundai i20 1.4 GL,Used Car97 000 kmManual,STEPHENS AUTO MOTORS,"Kempton Park Central, Kempton Park",km from you?
16,R 80 000,R 1 585 p/m,2016 Volkswagen up! take up! 3-Door 1.0,Used Car178 000 kmManual,STEPHENS AUTO MOTORS,"Kempton Park Central, Kempton Park",km from you?
15,R 80 000,R 1 585 p/m,2012 Ford Figo 1.4 Ambiente,Used Car165 000 kmManual,JAY JAY MOTORS,"Rhodesfield, Kempton Park",km from you?
11,R 80 000,R 1 585 p/m,2017 Renault Kwid 1.0 Expression,Used Car52 000 kmManual,WEELEE,"Witfontein, Kempton Park",km from you?
13,R 80 000,R 1 585 p/m,2018 Renault Kwid 1.0 Dynamique,Used Car66 000 kmManual,JAY JAY MOTORS,"Rhodesfield, Kempton Park",km from you?
19,R 80 000,R 1 585 p/m,2012 Nissan NP300 Hardbody 2.4 Double Cab 4x4,Used Car153 000 kmManual,CITY RIDE MY CARS,"Driehoek, Germiston",km from you?
9,R 79 999,R 1 585 p/m,2012 Hyundai ix35 2.0 Premium,Used Car121 000 kmManual,GI MOTORS,"Pretoria Central, Pretoria",km from you?
9,R 79 999,R 1 585 p/m,2017 Suzuki Celerio 1.0 GA,Used Car81 000 kmManual,GI MOTORS,"Pretoria Central, Pretoria",km from you?
11,R 79 999,R 1 585 p/m,2017 Renault Kwid 1.0 Dynamique,Used Car86 000 kmManual,GI MOTORS,"Pretoria Central, Pretoria",km from you?
9,R 79 999,R 1 585 p/m,2019 Nissan Micra 1.2 Visia+ (audio),Used Car76 000 kmManual,GI MOTORS,"Pretoria Central, Pretoria",km from you?
8,R 79 999,R 1 585 p/m,2015 Toyota Corolla Quest 1.6,Used Car85 000 kmManual,GI MOTORS,"Pretoria Central, Pretoria",km from you?
8,R 79 999,R 1 585 p/m,2014 Chevrolet Utility 1.4,Used Car68 000 kmManual,GI MOTORS,"Pretoria Central, Pretoria",km from you?
13,R 79 999,R 1 585 p/m,2016 Kia Picanto 1.0 LX,Used Car56 000 kmManual,SMART CARS JHB,"Bezuidenhout Valley, Johannesburg",km from you?
13,R 79 999,R 1 585 p/m,2016 Ford Figo Hatch 1.5 Ambiente,Used Car45 000 kmManual,SMART CARS JHB,"Bezuidenhout Valley, Johannesburg",km from you?
13,R 79 999,R 1 585 p/m,2013 Volkswagen Polo Vivo Sedan 1.4 Trendline,Used Car89 000 kmManual,SMART CARS JHB,"Bezuidenhout Valley, Johannesburg",km from you?
13,R 79 999,R 1 585 p/m,2016 Toyota Corolla Quest 1.6,Used Car75 000 kmManual,SMART CARS JHB,"Bezuidenhout Valley, Johannesburg",km from you?
14,R 79 999,R 1 585 p/m,2017 Datsun Go 1.2 Lux,Used Car57 000 kmManual,SMART CARS JHB,"Bezuidenhout Valley, Johannesburg",km from you?
18,R 79 999,R 1 585 p/m,2013 Hyundai i10 1.1 GLS,Used Car190 000 kmManual,SG CARS (PTY) LTD,"Highlands North, Johannesburg",km from you?
17,R 79 999,R 1 585 p/m,2013 Ford Figo 1.4 Ambiente,Used Car93 000 kmManual,E MOTORS,"Bramley, Johannesburg",km from you?
15,R 79 999,R 1 585 p/m,2018 Renault Kwid 1.0 Dynamique,Used Car66 000 kmManual,JODES MOTORS,"Allen Grove, Kempton Park",km from you?
20,R 79 999,R 1 585 p/m,2013 Ford Figo 1.4 Ambiente,Used Car103 000 kmManual,GF MOTORS,"Bramley, Johannesburg",km from you?
13,R 79 999,R 1 585 p/m,2014 Mazda Mazda3 Sport 1.6 Dynamic,Used Car96 000 kmManual,SMART CARS JHB,"Bezuidenhout Valley, Johannesburg",km from you?
13,R 79 995,R 1 585 p/m,2017 Datsun Go 1.2 Lux,Used Car148 000 kmManual,PRESTIGE AUTO TRADERS,"Alberton North, Alberton",km from you?
20,R 79 995,R 1 585 p/m,2012 Toyota Yaris 5-Door Zen3 S,Used Car132 000 kmManual,DE REV AUTOS,"Kew Industrial, Johannesburg",km from you?
20,R 79 995,R 1 585 p/m,2017 Chevrolet Spark 1.2 L,Used Car75 000 kmManual,DE REV AUTOS,"Kew Industrial, Johannesburg",km from you?
20,R 79 995,R 1 585 p/m,2013 Ford Figo 1.4 Ambiente,Used Car86 000 kmManual,DE REV AUTOS,"Kew Industrial, Johannesburg",km from you?
20,R 79 995,R 1 585 p/m,2012 Volkswagen Polo Vivo 5-Door 1.4,Used Car102 000 kmManual,DE REV AUTOS,"Kew Industrial, Johannesburg",km from you?
1,R 79 950,R 1 584 p/m,2019 Renault Kwid 1.0 Expression,Used Car35 000 kmManual,SANDTON AUTO,"Wynberg, Sandton",km from you?
1,R 79 950,R 1 584 p/m,2019 Renault Kwid 1.0 Expression,Used Car81 000 kmManual,SANDTON AUTO,"Wynberg, Sandton",km from you?
1,R 79 950,R 1 584 p/m,2020 GWM Steed 5 2.0WGT Double Cab SX,Used Car50 000 kmManual,INFINITI AUTO BOKSBURG,"Bardene, Boksburg",km from you?
7,R 79 950,R 1 584 p/m,2018 Renault Kwid 1.0 Dynamique,Used Car45 000 kmManual,INFINITI AUTO BOKSBURG,"Bardene, Boksburg",km from you?
8,R 79 950,R 1 584 p/m,2019 Renault Kwid 1.0 Expression,Used Car35 000 kmManual,INFINITI AUTO BOKSBURG,"Bardene, Boksburg",km from you?
11,R 79 900,R 1 583 p/m,2012 Mazda Mazda2 Hatch 1.3 Active,Used Car78 000 kmManual,OZ MOTORS,"City & Suburban, Johannesburg",km from you?
10,R 79 900,R 1 583 p/m,2014 Chevrolet Cruze Sedan 1.6 LS,Used Car197 000 kmManual,MOTORCADE CC,"Pretoria Central, Pretoria",km from you?
11,R 79 900,R 1 583 p/m,2014 Renault Clio 66kW Turbo Expression,Used Car240 000 kmManual,MOTORCADE CC,"Pretoria Central, Pretoria",km from you?
12,R 79 900,R 1 583 p/m,2013 Renault Sandero Stepway 1.6,Used Car237 722 kmManual,CMH EAST RAND,"Beyers Park, Boksburg",km from you?
8,R 79 900,R 1 583 p/m,2013 Hyundai i10 1.1 GLS,Used Car188 400 kmManual,KONDAKOV CARS CC,"Ravenswood, Boksburg",km from you?
12,R 79 900,R 1 583 p/m,2012 Volvo S60 T4 Excel Auto,Used Car188 500 kmAutomatic,RIGHT CARS,"North Riding, Randburg",km from you?
11,R 79 900,R 1 583 p/m,2013 Nissan NP300 Hardbody 2.4 Double Cab 4x4,Used Car132 600 kmManual,RIGHT CARS,"North Riding, Randburg",km from you?
12,R 79 900,R 1 583 p/m,2013 SsangYong Korando 2.0,Used Car158 300 kmManual,RIGHT CARS,"North Riding, Randburg",km from you?
4,R 79 900,R 1 583 p/m,2012 Ford Fiesta 5-door 1.4 Ambiente,Used Car177 000 kmManual,RIGHT CARS,"North Riding, Randburg",km from you?
10,R 79 900,R 1 583 p/m,2013 Renault Sandero Stepway 1.6,Used Car201 000 kmManual,RIFLE RANGE CAR SALES,"Rosettenville, Johannesburg",km from you?
8,R 79 900,R 1 583 p/m,2012 Peugeot Boxer 2.2HDi L2H1 M,Used Car157 000 kmManual,RIFLE RANGE CAR SALES,"Rosettenville, Johannesburg",km from you?
10,R 79 900,R 1 583 p/m,2012 Citroen C3 1.4i Attraction,Used Car138 600 kmManual,RIFLE RANGE CAR SALES,"Rosettenville, Johannesburg",km from you?
9,R 79 900,R 1 583 p/m,2018 Renault Kwid 1.0 Dynamique,Used Car66 000 kmManual,TREASURE CITY CARS,"Rhodesfield, Kempton Park",km from you?
9,R 79 900,R 1 583 p/m,2018 Renault Kwid 1.0 Dynamique,Used Car66 000 kmManual,TREASURE CITY CARS,"Rhodesfield, Kempton Park",km from you?
15,R 79 000,R 1 565 p/m,2012 Ford Fiesta 5-door 1.4 Ambiente,Used Car99 000 kmManual,JODES MOTORS,"Allen Grove, Kempton Park",km from you?
17,R 79 000,R 1 565 p/m,2012 Ford Ikon 1.6 Trend,Used Car120 000 kmManual,JODES MOTORS,"Allen Grove, Kempton Park",km from you?
13,R 79 000,R 1 565 p/m,2017 Datsun Go+ 1.2 Lux,Used Car78 000 kmManual,WIZ LINK,"Kempton Park Central, Kempton Park",km from you?
14,R 79 000,R 1 565 p/m,2014 Ford Figo 1.4 Ambiente,Used Car90 000 kmManual,JODES MOTORS,"Allen Grove, Kempton Park",km from you?
15,R 79 000,R 1 565 p/m,2016 Datsun Go 1.2 Lux,Used Car82 000 kmManual,NOLLY MOTORS,"Glen Marais, Kempton Park",km from you?
16,R 78 000,R 1 545 p/m,2012 Ford Ikon 1.6 Ambiente,Used Car94 000 kmManual,ST CARS DEALERSHIP,"Kensington, Johannesburg",km from you?
16,R 78 000,R 1 545 p/m,2014 Hyundai i10 1.1 GLS,Used Car90 000 kmManual,NOLLY MOTORS,"Glen Marais, Kempton Park",km from you?
7,R 78 000,R 1 545 p/m,2018 Datsun Go 1.2 Lux,Used Car66 000 kmManual,J MAN CARS,"Maboneng, Johannesburg",km from you?
10,R 78 000,R 1 545 p/m,2012 Chevrolet Cruze Sedan 1.6 L,Used Car88 000 kmManual,J MAN CARS,"Maboneng, Johannesburg",km from you?
12,R 78 000,R 1 545 p/m,2014 Hyundai i10 1.25 Glide,Used Car104 000 kmManual,TONY MOTORS,"Rhodesfield, Kempton Park",km from you?
18,R 78 000,R 1 545 p/m,2015 Datsun Go 1.2 Lux,Used Car75 000 kmManual,CITY RIDE MY CARS,"Driehoek, Germiston",km from you?
13,R 77 900,R 1 543 p/m,2015 Renault Sandero 66kW Turbo Dynamique,Used Car169 000 kmManual,RIGHT CARS,"North Riding, Randburg",km from you?
8,R 77 000,R 1 525 p/m,2015 Kia Picanto 1.0 LX,Used Car77 000 kmManual,OKOH MOTORS,"Marshalltown, Johannesburg",km from you?
11,R 77 000,R 1 525 p/m,2012 Volkswagen Polo Vivo 5-Door 1.4,Used Car189 000 kmManual,NICK AUTO,"Glen Marais, Kempton Park",km from you?
13,R 77 000,R 1 525 p/m,2012 Hyundai i10 1.1 GLS,Used Car105 000 kmManual,JAY JAY MOTORS,"Rhodesfield, Kempton Park",km from you?
11,R 76 999,R 1 525 p/m,2015 Kia Picanto 1.0 LX,Used Car77 000 kmManual,H M AUTOS,"Selby, Johannesburg",km from you?
11,R 76 000,R 1 506 p/m,2013 Ford Figo 1.4 Ambiente,Used Car74 000 kmManual,EAGLE CARS,"Bezuidenhout Valley, Johannesburg",km from you?
14,R 75 999,R 1 506 p/m,2015 Nissan NP200 1.6 16v Mid,Used Car98 000 kmManual,TJ AUTO,"Bramley, Johannesburg",km from you?
20,R 75 995,R 1 506 p/m,2013 Renault Sandero 1.6 Expression,Used Car102 000 kmManual,DE REV AUTOS,"Kew Industrial, Johannesburg",km from you?
11,R 75 000,R 1 486 p/m,2018 Renault Kwid 1.0 Dynamique,Used Car82 000 kmManual,NICK AUTO,"Glen Marais, Kempton Park",km from you?
10,R 75 000,R 1 486 p/m,2014 SsangYong Korando 2.0,Used Car105 000 kmManual,GI MOTORS,"Pretoria Central, Pretoria",km from you?
12,R 75 000,R 1 486 p/m,2012 Chevrolet Spark Lite 1.0 LS,Used Car55 000 kmManual,ZAN AUTO,"Savoy Estate, Johannesburg",km from you?
9,R 75 000,R 1 486 p/m,2014 Ford Figo 1.4 Ambiente,Used Car90 000 kmManual,EAGLE CARS,"Bezuidenhout Valley, Johannesburg",km from you?
15,R 75 000,R 1 486 p/m,2012 Hyundai i10 1.1 GLS,Used Car102 000 kmManual,STEPHENS AUTO MOTORS,"Kempton Park Central, Kempton Park",km from you?
12,R 75 000,R 1 486 p/m,2013 Chevrolet Utility 1.4,Used Car119 000 kmManual,NOLLY MOTORS,"Glen Marais, Kempton Park",km from you?
17,R 75 000,R 1 486 p/m,2013 Hyundai i10 1.25 Glide,Used Car103 000 kmManual,NOLLY MOTORS,"Glen Marais, Kempton Park",km from you?
13,R 75 000,R 1 486 p/m,2018 Renault Kwid 1.0 Dynamique,Used Car83 000 kmManual,JAY JAY MOTORS,"Rhodesfield, Kempton Park",km from you?
13,R 75 000,R 1 486 p/m,2012 Ford Figo 1.4 Ambiente,Used Car90 000 kmManual,TREASURE CITY CARS,"Rhodesfield, Kempton Park",km from you?
12,R 75 000,R 1 486 p/m,2013 Nissan Micra 1.2 Visia+,Used Car142 000 kmManual,TREASURE CITY CARS,"Rhodesfield, Kempton Park",km from you?
13,R 75 000,R 1 486 p/m,2018 Renault Kwid 1.0 Dynamique,Used Car83 000 kmManual,TREASURE CITY CARS,"Rhodesfield, Kempton Park",km from you?
15,R 75 000,R 1 486 p/m,2012 Ford Figo 1.4 Ambiente,Used Car84 000 kmManual,JAY JAY MOTORS,"Rhodesfield, Kempton Park",km from you?
7,R 74 999,R 1 486 p/m,2016 Chevrolet Utility 1.4,Used Car86 000 kmManual,H M AUTOS,"Selby, Johannesburg",km from you?
17,R 74 999,R 1 486 p/m,2012 Ford Figo 1.4 Ambiente,Used Car89 000 kmManual,E MOTORS,"Bramley, Johannesburg",km from you?
15,R 74 999,R 1 486 p/m,2017 Renault Kwid 1.0 Dynamique,Used Car135 000 kmManual,SG CARS (PTY) LTD,"Highlands North, Johannesburg",km from you?
13,R 74 999,R 1 486 p/m,2012 Ford Fiesta 5-Door 1.4 Trend,Used Car141 000 kmManual,SMART CARS JHB,"Bezuidenhout Valley, Johannesburg",km from you?
13,R 74 999,R 1 486 p/m,2014 Toyota Etios Hatch 1.5 Xs,Used Car71 000 kmManual,SMART CARS JHB,"Bezuidenhout Valley, Johannesburg",km from you?
11,R 74 999,R 1 486 p/m,2012 Ford Fiesta 1.6 3-Door Titanium,Used Car96 000 kmManual,SMART CARS JHB,"Bezuidenhout Valley, Johannesburg",km from you?
12,R 74 999,R 1 486 p/m,2016 Suzuki Swift Hatch 1.2 GA,Used Car78 000 kmManual,SMART CARS JHB,"Bezuidenhout Valley, Johannesburg",km from you?
15,R 74 999,R 1 486 p/m,2012 Toyota Yaris 1.3 Sedan T3+,Used Car95 000 kmManual,SG CARS (PTY) LTD,"Highlands North, Johannesburg",km from you?
11,R 74 999,R 1 486 p/m,2012 Volkswagen Polo Vivo 5-Door 1.4 Trendline,Used Car83 000 kmManual,H M AUTOS,"Selby, Johannesburg",km from you?
20,R 74 995,R 1 486 p/m,2012 Ford Fiesta 5-door 1.4 Ambiente,Used Car99 000 kmManual,DE REV AUTOS,"Kew Industrial, Johannesburg",km from you?
5,R 74 950,R 1 485 p/m,2014 Toyota Corolla Quest 1.6,Used Car250 000 kmManual,INFINITI AUTO BOKSBURG,"Bardene, Boksburg",km from you?
11,R 74 900,R 1 484 p/m,2012 Daihatsu Gran Max 1.5,Used Car106 000 kmManual,PHAALIES AUTO,"Poortview, Roodepoort",km from you?
1,R 74 900,R 1 484 p/m,2013 Chevrolet Spark Lite 1.0 LS,Used Car126 854 kmManual,ADVENTURE AUTO,"Capital Park, Pretoria",km from you?
5,R 74 900,R 1 484 p/m,2013 Toyota Aygo 1.0 Fresh,Used Car154 000 kmManual,RIGHT CARS,"North Riding, Randburg",km from you?
19,R 73 950,R 1 465 p/m,2012 Renault Sandero 1.6 Expression,Used Car105 000 kmManual,DMCC CARS,"Orange Grove, Johannesburg",km from you?
15,R 73 000,R 1 446 p/m,2012 Ford Figo 1.4 Ambiente,Used Car84 000 kmManual,JODES MOTORS,"Allen Grove, Kempton Park",km from you?
8,R 72 000,R 1 426 p/m,2015 Datsun Go 1.2 Lux,Used Car80 000 kmManual,GI MOTORS,"Pretoria Central, Pretoria",km from you?
13,R 72 000,R 1 426 p/m,2017 Datsun Go 1.2 Lux,Used Car76 000 kmManual,WIZ LINK,"Kempton Park Central, Kempton Park",km from you?
8,R 71 900,R 1 424 p/m,2014 Mitsubishi Mirage 1.2 GLX,Used Car149 000 kmManual,WEBUYCARS SILVERLAKES,"Equestria, Pretoria",km from you?
14,R 70 000,R 1 387 p/m,2013 Ford Figo 1.4 Ambiente,Used Car129 000 kmManual,STEPHENS AUTO MOTORS,"Kempton Park Central, Kempton Park",km from you?
15,R 70 000,R 1 387 p/m,2013 Ford Figo 1.4 Ambiente,Used Car129 000 kmManual,JAY JAY MOTORS,"Rhodesfield, Kempton Park",km from you?
11,R 70 000,R 1 387 p/m,2012 Hyundai i10 1.1 GLS,Used Car156 000 kmManual,STEPHENS AUTO MOTORS,"Kempton Park Central, Kempton Park",km from you?
11,R 70 000,R 1 387 p/m,2013 Ford Figo 1.4 Ambiente,Used Car47 885 kmManual,NTP CARS,"Bramley, Johannesburg",km from you?
5,R 69 999,R 1 387 p/m,2015 Renault Sandero 66kW Turbo Dynamique,Used Car95 000 kmManual,GI MOTORS,"Pretoria Central, Pretoria",km from you?
12,R 69 999,R 1 387 p/m,2014 Ford Figo 1.4 Ambiente,Used Car47 000 kmManual,DND CARS,"Bramley, Johannesburg",km from you?
13,R 69 999,R 1 387 p/m,2015 Datsun Go 1.2 Mid,Used Car66 000 kmManual,SMART CARS JHB,"Bezuidenhout Valley, Johannesburg",km from you?
12,R 69 999,R 1 387 p/m,2013 Nissan NP200 1.6 16v High,Used Car58 000 kmManual,SMART CARS JHB,"Bezuidenhout Valley, Johannesburg",km from you?
18,R 69 995,R 1 387 p/m,2012 Chevrolet Spark 1.2 L,Used Car75 000 kmManual,DE REV AUTOS,"Kew Industrial, Johannesburg",km from you?
20,R 69 995,R 1 387 p/m,2012 Chery Tiggo 2.0 TXE,Used Car129 000 kmManual,DE REV AUTOS,"Kew Industrial, Johannesburg",km from you?
10,R 69 900,R 1 385 p/m,2013 Nissan Tiida Hatch 1.6 Visia+,Used Car211 000 kmManual,MOTORCADE CC,"Pretoria Central, Pretoria",km from you?
0,R 69 900,R 1 385 p/m,2015 Renault Sandero 66kW Turbo Expression,Used Car121 700 kmManual,RIGHT CARS,"North Riding, Randburg",km from you?
9,R 69 900,R 1 385 p/m,2015 Nissan NP200 1.6i,Used Car203 000 kmManual,RIFLE RANGE CAR SALES,"Rosettenville, Johannesburg",km from you?
6,R 69 900,R 1 385 p/m,2015 Nissan NP200 1.6i,Used Car172 000 kmManual,RIFLE RANGE CAR SALES,"Rosettenville, Johannesburg",km from you?
9,R 69 900,R 1 385 p/m,2017 Chevrolet Utility 1.4,Used Car305 205 kmManual,CMH EAST RAND,"Beyers Park, Boksburg",km from you?
10,R 69 700,R 1 381 p/m,2012 Peugeot 207 1.4 Active,Used Car114 300 kmManual,Southgate Wheels,"Florida North, Roodepoort",km from you?
5,R 69 700,R 1 381 p/m,2015 Chevrolet Cruze Sedan 1.6 L,Used Car156 071 kmManual,Southgate Wheels,"Florida North, Roodepoort",km from you?
8,R 69 000,R 1 367 p/m,2015 Tata Indica 1.4 LGi,Used Car110 000 kmManual,WILLOWCREST MOTORS,"Fontainebleau, Randburg",km from you?
14,R 69 000,R 1 367 p/m,2013 Chevrolet Spark 1.2,Used Car79 000 kmManual,JODES MOTORS,"Allen Grove, Kempton Park",km from you?
9,R 69 000,R 1 367 p/m,2013 Ford Figo 1.4 Ambiente,Used Car80 000 kmManual,J MAN CARS,"Maboneng, Johannesburg",km from you?
7,R 68 000,R 1 347 p/m,2014 Ford Figo 1.4 Ambiente,Used Car85 000 kmManual,GI MOTORS,"Pretoria Central, Pretoria",km from you?
9,R 68 000,R 1 347 p/m,2014 Opel Corsa 1.4 Essentia,Used Car110 000 kmManual,J MAN CARS,"Maboneng, Johannesburg",km from you?
8,R 65 000,R 1 288 p/m,2014 Peugeot 3008 1.6T Active,Used Car104 500 kmManual,GI MOTORS,"Pretoria Central, Pretoria",km from you?
13,R 65 000,R 1 288 p/m,2014 Nissan Micra 1.2 Visia+ (audio),Used Car120 000 kmManual,WIZ LINK,"Kempton Park Central, Kempton Park",km from you?
13,R 65 000,R 1 288 p/m,2013 Chevrolet Aveo Hatch 1.6 L,Used Car77 000 kmManual,STEPHENS AUTO MOTORS,"Kempton Park Central, Kempton Park",km from you?
15,R 65 000,R 1 288 p/m,2014 Chevrolet Aveo Sedan 1.6 L,Used Car89 000 kmManual,JAY JAY MOTORS,"Rhodesfield, Kempton Park",km from you?
13,R 65 000,R 1 288 p/m,2014 Chevrolet Aveo Sedan 1.6 LS Auto,Used Car89 000 kmAutomatic,TREASURE CITY CARS,"Rhodesfield, Kempton Park",km from you?
13,R 64 999,R 1 288 p/m,2015 Ford Figo 1.4 Trend,Used Car147 000 kmManual,SMART CARS JHB,"Bezuidenhout Valley, Johannesburg",km from you?
1,R 64 950,R 1 287 p/m,2013 Toyota Aygo 3-Door 1.0 Fresh,Used Car189 000 kmManual,SANDTON AUTO,"Wynberg, Sandton",km from you?
